year,cases,incidence_rate,deaths,mortality_rate
1970,44.0,0.5,,
1971,53.0,0.6,,
1972,62.0,0.7,,
1973,69.0,0.8,,
1974,103.0,1.2,,
1975,130.0,1.5,,
1976,185.0,2.1,,
1977,336.0,3.7,,
1978,420.0,4.6,,
1979,593.0,6.5,,
1980,820.0,9.0,85.0,0.9
1981,922.0,10.0,103.0,1.1
1982,986.0,10.6,91.0,1.0
1983,1183.0,12.7,101.0,1.1
1984,1315.0,14.0,120.0,1.3
1985,1313.0,13.9,115.0,1.2
1986,1132.0,11.9,93.0,1.0
1987,1280.0,13.4,100.0,1.0
1988,1129.0,11.8,90.0,0.9
1989,863.0,8.9,74.0,0.8
1990,539.0,5.6,42.0,0.4
1991,368.0,3.8,27.0,0.3
1992,310.0,3.2,25.0,0.3
1993,195.0,2.0,12.0,0.1
1994,133.0,1.3,10.0,0.1
1995,90.0,0.9,6.0,0.1
1996,66.0,0.7,4.0,0.0
1997,59.0,0.6,3.0,0.0
1998,52.0,0.5,4.0,0.0
1999,37.0,0.4,2.0,0.0
2000,48.0,0.5,2.0,0.0
2001,40.0,0.4,2.0,0.0
2002,42.0,0.4,3.0,0.0
2003,38.0,0.4,2.0,0.0
2004,46.0,0.4,2.0,0.0
2005,41.0,0.4,2.0,0.0
2006,42.0,0.4,1.0,0.0
2007,43.0,0.4,2.0,0.0
2008,36.0,0.3,2.0,0.0
2009,35.0,0.3,2.0,0.0
2010,37.0,0.3,1.0,0.0
2011,39.0,0.4,1.0,0.0
2012,41.0,0.4,1.0,0.0
2013,37.0,0.3,1.0,0.0
2014,35.0,0.3,1.0,0.0
2015,37.0,0.3,1.0,0.0
2016,38.0,0.3,1.0,0.0
2017,41.0,0.4,1.0,0.0
2018,40.0,0.4,1.0,0.0
2019,34.0,0.3,1.0,0.0
2020,41.0,0.4,1.0,0.0
2021,35.0,0.3,,
2022,40.0,0.4,1.0,0.0
2023,37.0,0.3,1.0,0.0
2024,45.0,0.4,1.0,0.0
