year,doses_administered,coverage_pct
1986,,
1987,,
1988,,
1989,,
1990,,
1991,,98.6
1992,,98.8
1993,,98.3
1994,,98.1
1995,,97.9
1996,,97.7
1997,,
1998,,97.8
1999,,
2000,,96.9
2001,,97.4
2002,,98.1
2003,,97.2
2004,,96.9
2005,,97.8
2006,,98.9
2007,,98.3
2008,,97.8
2009,,98.2
2010,219544.0,97.6
2011,245138.0,97.6
2012,239888.0,97.6
2013,229980.0,97.9
2014,209610.0,98.7
2015,219978.0,97.3
2016,207520.0,97.8
2017,187464.0,98.2
2018,223264.0,98.1
2019,203678.0,97.9
2020,216557.0,99.3
2021,211781.0,99.9
2022,214697.0,99.0
2023,210721.0,97.9
2024,184207.0,97.1
2025,,
