year,cases,fitted
1970,44.0,56.189287
1971,53.0,69.759145
1972,62.0,86.60616
1973,69.0,107.521771
1974,103.0,133.488558
1975,130.0,165.72639
1976,185.0,205.749743
1977,336.0,255.438839
1978,420.0,317.12798
1979,593.0,393.715209
1980,820.0,488.798452
1981,922.0,606.844545
1982,986.0,753.399075
1983,1183.0,935.346904
1984,1315.0,1161.235604
1985,1313.0,1441.677011
1986,1132.0,1789.845745
1987,1280.0,2222.098129
1988,1129.0,2758.740585
1989,863.0,511.504047
1990,539.0,635.0336
1991,368.0,788.39586
1992,310.0,104.43362
1993,195.0,100.044424
1994,133.0,95.8397
1995,90.0,91.811694
1996,66.0,87.95298
1997,59.0,84.256442
1998,52.0,80.715264
1999,37.0,77.322917
2000,48.0,74.073145
2001,40.0,70.959957
2002,42.0,67.977611
2003,38.0,65.120609
2004,46.0,62.383683
2005,41.0,59.761786
2006,42.0,57.250084
2007,43.0,54.843945
2008,36.0,52.538932
2009,35.0,50.330796
2010,37.0,48.215464
2011,39.0,46.189037
2012,41.0,44.247778
2013,37.0,42.388107
2014,35.0,40.606596
2015,37.0,38.899959
2016,38.0,37.265049
2017,41.0,35.698852
2018,40.0,34.19848
2019,34.0,32.761167
2020,41.0,31.384262
2021,35.0,30.065227
2022,40.0,28.801628
2023,37.0,27.591137
2024,45.0,26.431521
