file_year,field,n,n_present,pct_present
2017,sex,2417,2417,100.0
2017,age_months,2417,2417,100.0
2017,province,2417,2417,100.0
2017,vaccines,2417,2417,100.0
2017,doses,2417,2417,100.0
2017,lots_exact,2417,2405,99.503517
2017,manufacturers,2417,2397,99.172528
2017,notification_date,2417,2415,99.917253
2017,place,2417,2417,100.0
2018,sex,2374,2374,100.0
2018,age_months,2374,2374,100.0
2018,province,2374,2374,100.0
2018,vaccines,2374,2374,100.0
2018,doses,2374,2374,100.0
2018,lots_exact,2374,2363,99.536647
2018,manufacturers,2374,2358,99.326032
2018,notification_date,2374,2373,99.957877
2018,place,2374,2374,100.0
2019,sex,2210,2210,100.0
2019,age_months,2210,2210,100.0
2019,province,2210,2210,100.0
2019,vaccines,2210,2210,100.0
2019,doses,2210,2210,100.0
2019,lots_exact,2210,2202,99.638009
2019,manufacturers,2210,2186,98.914027
2019,notification_date,2210,2208,99.909502
2019,place,2210,2210,100.0
2020,sex,1726,1726,100.0
2020,age_months,1726,1726,100.0
2020,province,1726,1726,100.0
2020,vaccines,1726,1726,100.0
2020,doses,1726,1726,100.0
2020,lots_exact,1726,1719,99.594438
2020,manufacturers,1726,1711,99.130939
2020,notification_date,1726,1724,99.884125
2020,place,1726,1726,100.0
2021,sex,1620,1620,100.0
2021,age_months,1620,1620,100.0
2021,province,1620,1620,100.0
2021,vaccines,1620,1620,100.0
2021,doses,1620,1620,100.0
2021,lots_exact,1620,1611,99.444444
2021,manufacturers,1620,1607,99.197531
2021,notification_date,1620,1619,99.938272
2021,place,1620,1620,100.0
2022,sex,2413,2413,100.0
2022,age_months,2413,2413,100.0
2022,province,2413,2413,100.0
2022,vaccines,2413,2413,100.0
2022,doses,2413,2413,100.0
2022,lots_exact,2413,2404,99.62702
2022,manufacturers,2413,2397,99.336925
2022,notification_date,2413,2413,100.0
2022,place,2413,2413,100.0
2023,sex,2239,2239,100.0
2023,age_months,2239,2239,100.0
2023,province,2239,2239,100.0
2023,vaccines,2239,2239,100.0
2023,doses,2239,2239,100.0
2023,lots_exact,2239,2231,99.642698
2023,manufacturers,2239,2224,99.330058
2023,notification_date,2239,2238,99.955337
2023,place,2239,2239,100.0
2024,sex,2260,2260,100.0
2024,age_months,2260,2260,100.0
2024,province,2260,2260,100.0
2024,vaccines,2260,2260,100.0
2024,doses,2260,2260,100.0
2024,lots_exact,2260,2252,99.646018
2024,manufacturers,2260,2240,99.115044
2024,notification_date,2260,2260,100.0
2024,place,2260,2260,100.0
2025,sex,1523,1523,100.0
2025,age_months,1523,1523,100.0
2025,province,1523,1523,100.0
2025,vaccines,1523,1523,100.0
2025,doses,1523,1523,100.0
2025,lots_exact,1523,1516,99.540381
2025,manufacturers,1523,1511,99.212081
2025,notification_date,1523,1523,100.0
2025,place,1523,1523,100.0
