source_file,field,n,n_ok,n_recovered,n_missing,n_not_applicable,n_absent_column
EA_2017_TOTAL.xlsx,sex,2463,2463,0,0,0,0
EA_2017_TOTAL.xlsx,birth_date,2463,2460,<5,<5,0,0
EA_2017_TOTAL.xlsx,vaccination_date,2463,2462,<5,0,0,0
EA_2017_TOTAL.xlsx,notification_date,2463,2453,8,<5,0,0
EA_2017_TOTAL.xlsx,age_raw,2463,2463,0,0,0,0
EA_2017_TOTAL.xlsx,province,2463,2463,0,0,0,0
EA_2017_TOTAL.xlsx,pregnant,2463,2463,0,0,0,0
EA_2017_TOTAL.xlsx,vaccine_raw,2463,2463,0,0,0,0
EA_2017_TOTAL.xlsx,dose_raw,2463,2429,34,0,0,0
EA_2017_TOTAL.xlsx,lot_raw,2463,2451,0,12,0,0
EA_2017_TOTAL.xlsx,hist_personal_allergy,2463,2449,0,14,0,0
EA_2017_TOTAL.xlsx,hist_personal_seizure,2463,2443,0,20,0,0
EA_2017_TOTAL.xlsx,hist_personal_asthma,2463,2441,0,22,0,0
EA_2017_TOTAL.xlsx,hist_family_allergy,2463,2446,0,17,0,0
EA_2017_TOTAL.xlsx,hist_family_seizure,2463,2444,0,19,0,0
EA_2017_TOTAL.xlsx,hist_family_asthma,2463,2437,0,26,0,0
EA_2017_TOTAL.xlsx,ev_sterile_abscess,2463,2451,0,12,0,0
EA_2017_TOTAL.xlsx,ev_bacterial_abscess,2463,2450,0,13,0,0
EA_2017_TOTAL.xlsx,ev_lymphadenitis,2463,2452,0,11,0,0
EA_2017_TOTAL.xlsx,ev_severe_local_reaction,2463,2454,0,9,0,0
EA_2017_TOTAL.xlsx,ev_acute_paralysis,2463,2450,0,13,0,0
EA_2017_TOTAL.xlsx,ev_encephalopathy,2463,2453,0,10,0,0
EA_2017_TOTAL.xlsx,ev_behaviour_change,2463,2453,0,10,0,0
EA_2017_TOTAL.xlsx,ev_brain_damage,2463,2456,0,7,0,0
EA_2017_TOTAL.xlsx,ev_encephalitis,2463,2455,0,8,0,0
EA_2017_TOTAL.xlsx,ev_meningitis,2463,2458,0,5,0,0
EA_2017_TOTAL.xlsx,ev_allergic_reaction,2463,2453,0,10,0,0
EA_2017_TOTAL.xlsx,ev_febrile_seizure,2463,2456,0,7,0,0
EA_2017_TOTAL.xlsx,ev_afebrile_seizure,2463,2456,0,7,0,0
EA_2017_TOTAL.xlsx,ev_anaphylactic_reaction,2463,2448,0,15,0,0
EA_2017_TOTAL.xlsx,ev_anaphylactic_shock,2463,2453,0,10,0,0
EA_2017_TOTAL.xlsx,ev_arthralgia,2463,2451,0,12,0,0
EA_2017_TOTAL.xlsx,ev_fever_39,2463,2456,0,7,0,0
EA_2017_TOTAL.xlsx,ev_fever_40,2463,2459,0,<5,0,0
EA_2017_TOTAL.xlsx,ev_collapse,2463,2454,0,9,0,0
EA_2017_TOTAL.xlsx,ev_osteitis,2463,2449,0,14,0,0
EA_2017_TOTAL.xlsx,ev_persistent_crying,2463,2458,0,5,0,0
EA_2017_TOTAL.xlsx,ev_sepsis,2463,2458,0,5,0,0
EA_2017_TOTAL.xlsx,ev_toxic_shock,2463,2456,0,7,0,0
EA_2017_TOTAL.xlsx,ev_rash,2463,2448,0,15,0,0
EA_2017_TOTAL.xlsx,ev_purpura,2463,2449,0,14,0,0
EA_2017_TOTAL.xlsx,ev_other,2463,2456,0,7,0,0
EA_2017_TOTAL.xlsx,hospitalized,2463,2463,0,0,0,0
EA_2017_TOTAL.xlsx,recovered,2463,2463,0,0,0,0
EA_2017_TOTAL.xlsx,died,2463,2463,0,0,0,0
EA_2017_TOTAL.xlsx,sequelae,2463,2462,0,<5,0,0
EA_2017_TOTAL.xlsx,admission_date,2463,17,0,0,2446,0
EA_2017_TOTAL.xlsx,discharge_date,2463,17,0,8,2438,0
EA_2018_TOTAL.xlsx,sex,2420,2420,0,0,0,0
EA_2018_TOTAL.xlsx,birth_date,2420,2410,6,<5,0,0
EA_2018_TOTAL.xlsx,vaccination_date,2420,2415,5,0,0,0
EA_2018_TOTAL.xlsx,notification_date,2420,2414,5,<5,0,0
EA_2018_TOTAL.xlsx,age_raw,2420,2420,0,0,0,0
EA_2018_TOTAL.xlsx,province,2420,2420,0,0,0,0
EA_2018_TOTAL.xlsx,pregnant,2420,2420,0,0,0,0
EA_2018_TOTAL.xlsx,vaccine_raw,2420,2420,0,0,0,0
EA_2018_TOTAL.xlsx,dose_raw,2420,2377,43,0,0,0
EA_2018_TOTAL.xlsx,lot_raw,2420,2409,0,11,0,0
EA_2018_TOTAL.xlsx,hist_personal_allergy,2420,2406,0,14,0,0
EA_2018_TOTAL.xlsx,hist_personal_seizure,2420,2407,0,13,0,0
EA_2018_TOTAL.xlsx,hist_personal_asthma,2420,2403,0,17,0,0
EA_2018_TOTAL.xlsx,hist_family_allergy,2420,2394,0,26,0,0
EA_2018_TOTAL.xlsx,hist_family_seizure,2420,2401,0,19,0,0
EA_2018_TOTAL.xlsx,hist_family_asthma,2420,2396,0,24,0,0
EA_2018_TOTAL.xlsx,ev_sterile_abscess,2420,2414,0,6,0,0
EA_2018_TOTAL.xlsx,ev_bacterial_abscess,2420,2411,0,9,0,0
EA_2018_TOTAL.xlsx,ev_lymphadenitis,2420,2411,0,9,0,0
EA_2018_TOTAL.xlsx,ev_severe_local_reaction,2420,2414,0,6,0,0
EA_2018_TOTAL.xlsx,ev_acute_paralysis,2420,2415,0,5,0,0
EA_2018_TOTAL.xlsx,ev_encephalopathy,2420,2410,0,10,0,0
EA_2018_TOTAL.xlsx,ev_behaviour_change,2420,2405,0,15,0,0
EA_2018_TOTAL.xlsx,ev_brain_damage,2420,2411,0,9,0,0
EA_2018_TOTAL.xlsx,ev_encephalitis,2420,2415,0,5,0,0
EA_2018_TOTAL.xlsx,ev_meningitis,2420,2412,0,8,0,0
EA_2018_TOTAL.xlsx,ev_allergic_reaction,2420,2409,0,11,0,0
EA_2018_TOTAL.xlsx,ev_febrile_seizure,2420,2409,0,11,0,0
EA_2018_TOTAL.xlsx,ev_afebrile_seizure,2420,2412,0,8,0,0
EA_2018_TOTAL.xlsx,ev_anaphylactic_reaction,2420,2408,0,12,0,0
EA_2018_TOTAL.xlsx,ev_anaphylactic_shock,2420,2413,0,7,0,0
EA_2018_TOTAL.xlsx,ev_arthralgia,2420,2411,0,9,0,0
EA_2018_TOTAL.xlsx,ev_fever_39,2420,2412,0,8,0,0
EA_2018_TOTAL.xlsx,ev_fever_40,2420,2415,0,5,0,0
EA_2018_TOTAL.xlsx,ev_collapse,2420,2407,0,13,0,0
EA_2018_TOTAL.xlsx,ev_osteitis,2420,2411,0,9,0,0
EA_2018_TOTAL.xlsx,ev_persistent_crying,2420,2406,0,14,0,0
EA_2018_TOTAL.xlsx,ev_sepsis,2420,2409,0,11,0,0
EA_2018_TOTAL.xlsx,ev_toxic_shock,2420,2409,0,11,0,0
EA_2018_TOTAL.xlsx,ev_rash,2420,2413,0,7,0,0
EA_2018_TOTAL.xlsx,ev_purpura,2420,2408,0,12,0,0
EA_2018_TOTAL.xlsx,ev_other,2420,2407,0,13,0,0
EA_2018_TOTAL.xlsx,hospitalized,2420,2420,0,0,0,0
EA_2018_TOTAL.xlsx,recovered,2420,2420,0,0,0,0
EA_2018_TOTAL.xlsx,died,2420,2420,0,0,0,0
EA_2018_TOTAL.xlsx,sequelae,2420,2416,0,<5,0,0
EA_2018_TOTAL.xlsx,admission_date,2420,28,0,0,2392,0
EA_2018_TOTAL.xlsx,discharge_date,2420,28,0,<5,2391,0
EA_2019_TOTAL.xlsx,sex,2252,2252,0,0,0,0
EA_2019_TOTAL.xlsx,birth_date,2252,2239,9,<5,0,0
EA_2019_TOTAL.xlsx,vaccination_date,2252,2243,9,0,0,0
EA_2019_TOTAL.xlsx,notification_date,2252,2246,<5,<5,0,0
EA_2019_TOTAL.xlsx,age_raw,2252,2252,0,0,0,0
EA_2019_TOTAL.xlsx,province,2252,2252,0,0,0,0
EA_2019_TOTAL.xlsx,pregnant,2252,2252,0,0,0,0
EA_2019_TOTAL.xlsx,vaccine_raw,2252,2252,0,0,0,0
EA_2019_TOTAL.xlsx,dose_raw,2252,2215,37,0,0,0
EA_2019_TOTAL.xlsx,lot_raw,2252,2244,0,8,0,0
EA_2019_TOTAL.xlsx,hist_personal_allergy,2252,2234,0,18,0,0
EA_2019_TOTAL.xlsx,hist_personal_seizure,2252,2240,0,12,0,0
EA_2019_TOTAL.xlsx,hist_personal_asthma,2252,2231,0,21,0,0
EA_2019_TOTAL.xlsx,hist_family_allergy,2252,2232,0,20,0,0
EA_2019_TOTAL.xlsx,hist_family_seizure,2252,2239,0,13,0,0
EA_2019_TOTAL.xlsx,hist_family_asthma,2252,2224,0,28,0,0
EA_2019_TOTAL.xlsx,ev_sterile_abscess,2252,2240,0,12,0,0
EA_2019_TOTAL.xlsx,ev_bacterial_abscess,2252,2245,0,7,0,0
EA_2019_TOTAL.xlsx,ev_lymphadenitis,2252,2241,0,11,0,0
EA_2019_TOTAL.xlsx,ev_severe_local_reaction,2252,2244,0,8,0,0
EA_2019_TOTAL.xlsx,ev_acute_paralysis,2252,2237,0,15,0,0
EA_2019_TOTAL.xlsx,ev_encephalopathy,2252,2241,0,11,0,0
EA_2019_TOTAL.xlsx,ev_behaviour_change,2252,2242,0,10,0,0
EA_2019_TOTAL.xlsx,ev_brain_damage,2252,2242,0,10,0,0
EA_2019_TOTAL.xlsx,ev_encephalitis,2252,2243,0,9,0,0
EA_2019_TOTAL.xlsx,ev_meningitis,2252,2245,0,7,0,0
EA_2019_TOTAL.xlsx,ev_allergic_reaction,2252,2243,0,9,0,0
EA_2019_TOTAL.xlsx,ev_febrile_seizure,2252,2243,0,9,0,0
EA_2019_TOTAL.xlsx,ev_afebrile_seizure,2252,2244,0,8,0,0
EA_2019_TOTAL.xlsx,ev_anaphylactic_reaction,2252,2245,0,7,0,0
EA_2019_TOTAL.xlsx,ev_anaphylactic_shock,2252,2246,0,6,0,0
EA_2019_TOTAL.xlsx,ev_arthralgia,2252,2241,0,11,0,0
EA_2019_TOTAL.xlsx,ev_fever_39,2252,2244,0,8,0,0
EA_2019_TOTAL.xlsx,ev_fever_40,2252,2239,0,13,0,0
EA_2019_TOTAL.xlsx,ev_collapse,2252,2244,0,8,0,0
EA_2019_TOTAL.xlsx,ev_osteitis,2252,2239,0,13,0,0
EA_2019_TOTAL.xlsx,ev_persistent_crying,2252,2241,0,11,0,0
EA_2019_TOTAL.xlsx,ev_sepsis,2252,2244,0,8,0,0
EA_2019_TOTAL.xlsx,ev_toxic_shock,2252,2245,0,7,0,0
EA_2019_TOTAL.xlsx,ev_rash,2252,2245,0,7,0,0
EA_2019_TOTAL.xlsx,ev_purpura,2252,2240,0,12,0,0
EA_2019_TOTAL.xlsx,ev_other,2252,2243,0,9,0,0
EA_2019_TOTAL.xlsx,hospitalized,2252,2252,0,0,0,0
EA_2019_TOTAL.xlsx,recovered,2252,2252,0,0,0,0
EA_2019_TOTAL.xlsx,died,2252,2251,0,<5,0,0
EA_2019_TOTAL.xlsx,sequelae,2252,2250,0,<5,0,0
EA_2019_TOTAL.xlsx,admission_date,2252,19,0,0,2233,0
EA_2019_TOTAL.xlsx,discharge_date,2252,19,0,<5,2229,0
EA_2020_TOTAL.xlsx,sex,1759,1759,0,0,0,0
EA_2020_TOTAL.xlsx,birth_date,1759,1752,6,<5,0,0
EA_2020_TOTAL.xlsx,vaccination_date,1759,1755,<5,0,0,0
EA_2020_TOTAL.xlsx,notification_date,1759,1752,5,<5,0,0
EA_2020_TOTAL.xlsx,age_raw,1759,1759,0,0,0,0
EA_2020_TOTAL.xlsx,province,1759,1759,0,0,0,0
EA_2020_TOTAL.xlsx,pregnant,1759,1759,0,0,0,0
EA_2020_TOTAL.xlsx,vaccine_raw,1759,1759,0,0,0,0
EA_2020_TOTAL.xlsx,dose_raw,1759,1735,24,0,0,0
EA_2020_TOTAL.xlsx,lot_raw,1759,1752,0,7,0,0
EA_2020_TOTAL.xlsx,hist_personal_allergy,1759,1739,0,20,0,0
EA_2020_TOTAL.xlsx,hist_personal_seizure,1759,1746,0,13,0,0
EA_2020_TOTAL.xlsx,hist_personal_asthma,1759,1747,0,12,0,0
EA_2020_TOTAL.xlsx,hist_family_allergy,1759,1752,0,7,0,0
EA_2020_TOTAL.xlsx,hist_family_seizure,1759,1746,0,13,0,0
EA_2020_TOTAL.xlsx,hist_family_asthma,1759,1739,0,20,0,0
EA_2020_TOTAL.xlsx,ev_sterile_abscess,1759,1753,0,6,0,0
EA_2020_TOTAL.xlsx,ev_bacterial_abscess,1759,1752,0,7,0,0
EA_2020_TOTAL.xlsx,ev_lymphadenitis,1759,1750,0,9,0,0
EA_2020_TOTAL.xlsx,ev_severe_local_reaction,1759,1751,0,8,0,0
EA_2020_TOTAL.xlsx,ev_acute_paralysis,1759,1756,0,<5,0,0
EA_2020_TOTAL.xlsx,ev_encephalopathy,1759,1756,0,<5,0,0
EA_2020_TOTAL.xlsx,ev_behaviour_change,1759,1753,0,6,0,0
EA_2020_TOTAL.xlsx,ev_brain_damage,1759,1753,0,6,0,0
EA_2020_TOTAL.xlsx,ev_encephalitis,1759,1746,0,13,0,0
EA_2020_TOTAL.xlsx,ev_meningitis,1759,1750,0,9,0,0
EA_2020_TOTAL.xlsx,ev_allergic_reaction,1759,1754,0,5,0,0
EA_2020_TOTAL.xlsx,ev_febrile_seizure,1759,1748,0,11,0,0
EA_2020_TOTAL.xlsx,ev_afebrile_seizure,1759,1753,0,6,0,0
EA_2020_TOTAL.xlsx,ev_anaphylactic_reaction,1759,1752,0,7,0,0
EA_2020_TOTAL.xlsx,ev_anaphylactic_shock,1759,1754,0,5,0,0
EA_2020_TOTAL.xlsx,ev_arthralgia,1759,1747,0,12,0,0
EA_2020_TOTAL.xlsx,ev_fever_39,1759,1750,0,9,0,0
EA_2020_TOTAL.xlsx,ev_fever_40,1759,1752,0,7,0,0
EA_2020_TOTAL.xlsx,ev_collapse,1759,1753,0,6,0,0
EA_2020_TOTAL.xlsx,ev_osteitis,1759,1754,0,5,0,0
EA_2020_TOTAL.xlsx,ev_persistent_crying,1759,1753,0,6,0,0
EA_2020_TOTAL.xlsx,ev_sepsis,1759,1752,0,7,0,0
EA_2020_TOTAL.xlsx,ev_toxic_shock,1759,1751,0,8,0,0
EA_2020_TOTAL.xlsx,ev_rash,1759,1755,0,<5,0,0
EA_2020_TOTAL.xlsx,ev_purpura,1759,1751,0,8,0,0
EA_2020_TOTAL.xlsx,ev_other,1759,1751,0,8,0,0
EA_2020_TOTAL.xlsx,hospitalized,1759,1759,0,0,0,0
EA_2020_TOTAL.xlsx,recovered,1759,1759,0,0,0,0
EA_2020_TOTAL.xlsx,died,1759,1759,0,0,0,0
EA_2020_TOTAL.xlsx,sequelae,1759,1758,0,<5,0,0
EA_2020_TOTAL.xlsx,admission_date,1759,16,0,0,1743,0
EA_2020_TOTAL.xlsx,discharge_date,1759,16,0,<5,1739,0
EA_2021_TOTAL.xlsx,sex,1650,1650,0,0,0,0
EA_2021_TOTAL.xlsx,birth_date,1650,1641,<5,6,0,0
EA_2021_TOTAL.xlsx,vaccination_date,1650,1640,10,0,0,0
EA_2021_TOTAL.xlsx,notification_date,1650,1646,<5,<5,0,0
EA_2021_TOTAL.xlsx,age_raw,1650,1650,0,0,0,0
EA_2021_TOTAL.xlsx,province,1650,1650,0,0,0,0
EA_2021_TOTAL.xlsx,pregnant,1650,1650,0,0,0,0
EA_2021_TOTAL.xlsx,vaccine_raw,1650,1650,0,0,0,0
EA_2021_TOTAL.xlsx,dose_raw,1650,1619,31,0,0,0
EA_2021_TOTAL.xlsx,lot_raw,1650,1640,0,10,0,0
EA_2021_TOTAL.xlsx,hist_personal_allergy,1650,1638,0,12,0,0
EA_2021_TOTAL.xlsx,hist_personal_seizure,1650,1635,0,15,0,0
EA_2021_TOTAL.xlsx,hist_personal_asthma,1650,1639,0,11,0,0
EA_2021_TOTAL.xlsx,hist_family_allergy,1650,1640,0,10,0,0
EA_2021_TOTAL.xlsx,hist_family_seizure,1650,1636,0,14,0,0
EA_2021_TOTAL.xlsx,hist_family_asthma,1650,1641,0,9,0,0
EA_2021_TOTAL.xlsx,ev_sterile_abscess,1650,1646,0,<5,0,0
EA_2021_TOTAL.xlsx,ev_bacterial_abscess,1650,1643,0,7,0,0
EA_2021_TOTAL.xlsx,ev_lymphadenitis,1650,1645,0,5,0,0
EA_2021_TOTAL.xlsx,ev_severe_local_reaction,1650,1640,0,10,0,0
EA_2021_TOTAL.xlsx,ev_acute_paralysis,1650,1639,0,11,0,0
EA_2021_TOTAL.xlsx,ev_encephalopathy,1650,1645,0,5,0,0
EA_2021_TOTAL.xlsx,ev_behaviour_change,1650,1648,0,<5,0,0
EA_2021_TOTAL.xlsx,ev_brain_damage,1650,1650,0,0,0,0
EA_2021_TOTAL.xlsx,ev_encephalitis,1650,1640,0,10,0,0
EA_2021_TOTAL.xlsx,ev_meningitis,1650,1641,0,9,0,0
EA_2021_TOTAL.xlsx,ev_allergic_reaction,1650,1645,0,5,0,0
EA_2021_TOTAL.xlsx,ev_febrile_seizure,1650,1645,0,5,0,0
EA_2021_TOTAL.xlsx,ev_afebrile_seizure,1650,1641,0,9,0,0
EA_2021_TOTAL.xlsx,ev_anaphylactic_reaction,1650,1643,0,7,0,0
EA_2021_TOTAL.xlsx,ev_anaphylactic_shock,1650,1643,0,7,0,0
EA_2021_TOTAL.xlsx,ev_arthralgia,1650,1643,0,7,0,0
EA_2021_TOTAL.xlsx,ev_fever_39,1650,1641,0,9,0,0
EA_2021_TOTAL.xlsx,ev_fever_40,1650,1645,0,5,0,0
EA_2021_TOTAL.xlsx,ev_collapse,1650,1643,0,7,0,0
EA_2021_TOTAL.xlsx,ev_osteitis,1650,1643,0,7,0,0
EA_2021_TOTAL.xlsx,ev_persistent_crying,1650,1643,0,7,0,0
EA_2021_TOTAL.xlsx,ev_sepsis,1650,1649,0,<5,0,0
EA_2021_TOTAL.xlsx,ev_toxic_shock,1650,1638,0,12,0,0
EA_2021_TOTAL.xlsx,ev_rash,1650,1639,0,11,0,0
EA_2021_TOTAL.xlsx,ev_purpura,1650,1641,0,9,0,0
EA_2021_TOTAL.xlsx,ev_other,1650,1646,0,<5,0,0
EA_2021_TOTAL.xlsx,hospitalized,1650,1650,0,0,0,0
EA_2021_TOTAL.xlsx,recovered,1650,1650,0,0,0,0
EA_2021_TOTAL.xlsx,died,1650,1650,0,0,0,0
EA_2021_TOTAL.xlsx,sequelae,1650,1649,0,<5,0,0
EA_2021_TOTAL.xlsx,admission_date,1650,17,0,0,1633,0
EA_2021_TOTAL.xlsx,discharge_date,1650,17,0,0,1633,0
EA_2022_TOTAL.xlsx,sex,2459,2459,0,0,0,0
EA_2022_TOTAL.xlsx,birth_date,2459,2444,7,8,0,0
EA_2022_TOTAL.xlsx,vaccination_date,2459,2453,6,0,0,0
EA_2022_TOTAL.xlsx,notification_date,2459,2454,5,0,0,0
EA_2022_TOTAL.xlsx,age_raw,2459,2459,0,0,0,0
EA_2022_TOTAL.xlsx,province,2459,2459,0,0,0,0
EA_2022_TOTAL.xlsx,pregnant,2459,2459,0,0,0,0
EA_2022_TOTAL.xlsx,vaccine_raw,2459,2459,0,0,0,0
EA_2022_TOTAL.xlsx,dose_raw,2459,2424,35,0,0,0
EA_2022_TOTAL.xlsx,lot_raw,2459,2450,0,9,0,0
EA_2022_TOTAL.xlsx,hist_personal_allergy,2459,2439,0,20,0,0
EA_2022_TOTAL.xlsx,hist_personal_seizure,2459,2435,0,24,0,0
EA_2022_TOTAL.xlsx,hist_personal_asthma,2459,2442,0,17,0,0
EA_2022_TOTAL.xlsx,hist_family_allergy,2459,2437,0,22,0,0
EA_2022_TOTAL.xlsx,hist_family_seizure,2459,2433,0,26,0,0
EA_2022_TOTAL.xlsx,hist_family_asthma,2459,2435,0,24,0,0
EA_2022_TOTAL.xlsx,ev_sterile_abscess,2459,2446,0,13,0,0
EA_2022_TOTAL.xlsx,ev_bacterial_abscess,2459,2455,0,<5,0,0
EA_2022_TOTAL.xlsx,ev_lymphadenitis,2459,2454,0,5,0,0
EA_2022_TOTAL.xlsx,ev_severe_local_reaction,2459,2448,0,11,0,0
EA_2022_TOTAL.xlsx,ev_acute_paralysis,2459,2447,0,12,0,0
EA_2022_TOTAL.xlsx,ev_encephalopathy,2459,2452,0,7,0,0
EA_2022_TOTAL.xlsx,ev_behaviour_change,2459,2449,0,10,0,0
EA_2022_TOTAL.xlsx,ev_brain_damage,2459,2448,0,11,0,0
EA_2022_TOTAL.xlsx,ev_encephalitis,2459,2449,0,10,0,0
EA_2022_TOTAL.xlsx,ev_meningitis,2459,2446,0,13,0,0
EA_2022_TOTAL.xlsx,ev_allergic_reaction,2459,2446,0,13,0,0
EA_2022_TOTAL.xlsx,ev_febrile_seizure,2459,2449,0,10,0,0
EA_2022_TOTAL.xlsx,ev_afebrile_seizure,2459,2449,0,10,0,0
EA_2022_TOTAL.xlsx,ev_anaphylactic_reaction,2459,2449,0,10,0,0
EA_2022_TOTAL.xlsx,ev_anaphylactic_shock,2459,2449,0,10,0,0
EA_2022_TOTAL.xlsx,ev_arthralgia,2459,2450,0,9,0,0
EA_2022_TOTAL.xlsx,ev_fever_39,2459,2449,0,10,0,0
EA_2022_TOTAL.xlsx,ev_fever_40,2459,2452,0,7,0,0
EA_2022_TOTAL.xlsx,ev_collapse,2459,2455,0,<5,0,0
EA_2022_TOTAL.xlsx,ev_osteitis,2459,2447,0,12,0,0
EA_2022_TOTAL.xlsx,ev_persistent_crying,2459,2449,0,10,0,0
EA_2022_TOTAL.xlsx,ev_sepsis,2459,2449,0,10,0,0
EA_2022_TOTAL.xlsx,ev_toxic_shock,2459,2441,0,18,0,0
EA_2022_TOTAL.xlsx,ev_rash,2459,2452,0,7,0,0
EA_2022_TOTAL.xlsx,ev_purpura,2459,2453,0,6,0,0
EA_2022_TOTAL.xlsx,ev_other,2459,2449,0,10,0,0
EA_2022_TOTAL.xlsx,hospitalized,2459,2459,0,0,0,0
EA_2022_TOTAL.xlsx,recovered,2459,2459,0,0,0,0
EA_2022_TOTAL.xlsx,died,2459,2459,0,0,0,0
EA_2022_TOTAL.xlsx,sequelae,2459,2455,0,<5,0,0
EA_2022_TOTAL.xlsx,admission_date,2459,27,0,0,2432,0
EA_2022_TOTAL.xlsx,discharge_date,2459,26,<5,<5,2430,0
EA_2023_TOTAL.xlsx,sex,2282,2282,0,0,0,0
EA_2023_TOTAL.xlsx,birth_date,2282,2276,0,6,0,0
EA_2023_TOTAL.xlsx,vaccination_date,2282,2282,0,0,0,0
EA_2023_TOTAL.xlsx,notification_date,2282,2281,0,<5,0,0
EA_2023_TOTAL.xlsx,age_raw,2282,2282,0,0,0,0
EA_2023_TOTAL.xlsx,province,2282,2282,0,0,0,0
EA_2023_TOTAL.xlsx,pregnant,2282,2282,0,0,0,0
EA_2023_TOTAL.xlsx,vaccine_raw,2282,2282,0,0,0,0
EA_2023_TOTAL.xlsx,dose_raw,2282,2245,37,0,0,0
EA_2023_TOTAL.xlsx,lot_raw,2282,2274,0,8,0,0
EA_2023_TOTAL.xlsx,hist_personal_allergy,2282,2264,0,18,0,0
EA_2023_TOTAL.xlsx,hist_personal_seizure,2282,2259,0,23,0,0
EA_2023_TOTAL.xlsx,hist_personal_asthma,2282,2266,0,16,0,0
EA_2023_TOTAL.xlsx,hist_family_allergy,2282,2255,0,27,0,0
EA_2023_TOTAL.xlsx,hist_family_seizure,2282,2260,0,22,0,0
EA_2023_TOTAL.xlsx,hist_family_asthma,2282,2266,0,16,0,0
EA_2023_TOTAL.xlsx,ev_sterile_abscess,2282,2275,0,7,0,0
EA_2023_TOTAL.xlsx,ev_bacterial_abscess,2282,2275,0,7,0,0
EA_2023_TOTAL.xlsx,ev_lymphadenitis,2282,2271,0,11,0,0
EA_2023_TOTAL.xlsx,ev_severe_local_reaction,2282,2274,0,8,0,0
EA_2023_TOTAL.xlsx,ev_acute_paralysis,2282,2272,0,10,0,0
EA_2023_TOTAL.xlsx,ev_encephalopathy,2282,2276,0,6,0,0
EA_2023_TOTAL.xlsx,ev_behaviour_change,2282,2267,0,15,0,0
EA_2023_TOTAL.xlsx,ev_brain_damage,2282,2278,0,<5,0,0
EA_2023_TOTAL.xlsx,ev_encephalitis,2282,2275,0,7,0,0
EA_2023_TOTAL.xlsx,ev_meningitis,2282,2270,0,12,0,0
EA_2023_TOTAL.xlsx,ev_allergic_reaction,2282,2268,0,14,0,0
EA_2023_TOTAL.xlsx,ev_febrile_seizure,2282,2272,0,10,0,0
EA_2023_TOTAL.xlsx,ev_afebrile_seizure,2282,2274,0,8,0,0
EA_2023_TOTAL.xlsx,ev_anaphylactic_reaction,2282,2272,0,10,0,0
EA_2023_TOTAL.xlsx,ev_anaphylactic_shock,2282,2274,0,8,0,0
EA_2023_TOTAL.xlsx,ev_arthralgia,2282,2273,0,9,0,0
EA_2023_TOTAL.xlsx,ev_fever_39,2282,2276,0,6,0,0
EA_2023_TOTAL.xlsx,ev_fever_40,2282,2273,0,9,0,0
EA_2023_TOTAL.xlsx,ev_collapse,2282,2277,0,5,0,0
EA_2023_TOTAL.xlsx,ev_osteitis,2282,2274,0,8,0,0
EA_2023_TOTAL.xlsx,ev_persistent_crying,2282,2270,0,12,0,0
EA_2023_TOTAL.xlsx,ev_sepsis,2282,2267,0,15,0,0
EA_2023_TOTAL.xlsx,ev_toxic_shock,2282,2273,0,9,0,0
EA_2023_TOTAL.xlsx,ev_rash,2282,2277,0,5,0,0
EA_2023_TOTAL.xlsx,ev_purpura,2282,0,0,0,0,2282
EA_2023_TOTAL.xlsx,ev_other,2282,2275,0,7,0,0
EA_2023_TOTAL.xlsx,hospitalized,2282,2282,0,0,0,0
EA_2023_TOTAL.xlsx,recovered,2282,2282,0,0,0,0
EA_2023_TOTAL.xlsx,died,2282,2282,0,0,0,0
EA_2023_TOTAL.xlsx,sequelae,2282,2278,0,<5,0,0
EA_2023_TOTAL.xlsx,admission_date,2282,13,0,0,2269,0
EA_2023_TOTAL.xlsx,discharge_date,2282,13,0,5,2264,0
EA_2024_TOTAL.xlsx,sex,2303,2303,0,0,0,0
EA_2024_TOTAL.xlsx,birth_date,2303,2298,5,0,0,0
EA_2024_TOTAL.xlsx,vaccination_date,2303,2295,8,0,0,0
EA_2024_TOTAL.xlsx,notification_date,2303,2296,7,0,0,0
EA_2024_TOTAL.xlsx,age_raw,2303,2303,0,0,0,0
EA_2024_TOTAL.xlsx,province,2303,2303,0,0,0,0
EA_2024_TOTAL.xlsx,pregnant,2303,2303,0,0,0,0
EA_2024_TOTAL.xlsx,vaccine_raw,2303,2303,0,0,0,0
EA_2024_TOTAL.xlsx,dose_raw,2303,2271,32,0,0,0
EA_2024_TOTAL.xlsx,lot_raw,2303,2295,0,8,0,0
EA_2024_TOTAL.xlsx,hist_personal_allergy,2303,2288,0,15,0,0
EA_2024_TOTAL.xlsx,hist_personal_seizure,2303,2284,0,19,0,0
EA_2024_TOTAL.xlsx,hist_personal_asthma,2303,2290,0,13,0,0
EA_2024_TOTAL.xlsx,hist_family_allergy,2303,2285,0,18,0,0
EA_2024_TOTAL.xlsx,hist_family_seizure,2303,2292,0,11,0,0
EA_2024_TOTAL.xlsx,hist_family_asthma,2303,2285,0,18,0,0
EA_2024_TOTAL.xlsx,ev_sterile_abscess,2303,2297,0,6,0,0
EA_2024_TOTAL.xlsx,ev_bacterial_abscess,2303,2292,0,11,0,0
EA_2024_TOTAL.xlsx,ev_lymphadenitis,2303,2289,0,14,0,0
EA_2024_TOTAL.xlsx,ev_severe_local_reaction,2303,2293,0,10,0,0
EA_2024_TOTAL.xlsx,ev_acute_paralysis,2303,2285,0,18,0,0
EA_2024_TOTAL.xlsx,ev_encephalopathy,2303,2294,0,9,0,0
EA_2024_TOTAL.xlsx,ev_behaviour_change,2303,2292,0,11,0,0
EA_2024_TOTAL.xlsx,ev_brain_damage,2303,2293,0,10,0,0
EA_2024_TOTAL.xlsx,ev_encephalitis,2303,2296,0,7,0,0
EA_2024_TOTAL.xlsx,ev_meningitis,2303,2292,0,11,0,0
EA_2024_TOTAL.xlsx,ev_allergic_reaction,2303,2294,0,9,0,0
EA_2024_TOTAL.xlsx,ev_febrile_seizure,2303,2290,0,13,0,0
EA_2024_TOTAL.xlsx,ev_afebrile_seizure,2303,2294,0,9,0,0
EA_2024_TOTAL.xlsx,ev_anaphylactic_reaction,2303,2294,0,9,0,0
EA_2024_TOTAL.xlsx,ev_anaphylactic_shock,2303,2296,0,7,0,0
EA_2024_TOTAL.xlsx,ev_arthralgia,2303,2294,0,9,0,0
EA_2024_TOTAL.xlsx,ev_fever_39,2303,2295,0,8,0,0
EA_2024_TOTAL.xlsx,ev_fever_40,2303,2298,0,5,0,0
EA_2024_TOTAL.xlsx,ev_collapse,2303,2299,0,<5,0,0
EA_2024_TOTAL.xlsx,ev_osteitis,2303,2297,0,6,0,0
EA_2024_TOTAL.xlsx,ev_persistent_crying,2303,2288,0,15,0,0
EA_2024_TOTAL.xlsx,ev_sepsis,2303,2290,0,13,0,0
EA_2024_TOTAL.xlsx,ev_toxic_shock,2303,2299,0,<5,0,0
EA_2024_TOTAL.xlsx,ev_rash,2303,2289,0,14,0,0
EA_2024_TOTAL.xlsx,ev_purpura,2303,2292,0,11,0,0
EA_2024_TOTAL.xlsx,ev_other,2303,2299,0,<5,0,0
EA_2024_TOTAL.xlsx,hospitalized,2303,2303,0,0,0,0
EA_2024_TOTAL.xlsx,recovered,2303,2303,0,0,0,0
EA_2024_TOTAL.xlsx,died,2303,2303,0,0,0,0
EA_2024_TOTAL.xlsx,sequelae,2303,2298,0,5,0,0
EA_2024_TOTAL.xlsx,admission_date,2303,24,0,0,2279,0
EA_2024_TOTAL.xlsx,discharge_date,2303,23,<5,<5,2277,0
EA_2025_TOTAL.xlsx,sex,1552,1552,0,0,0,0
EA_2025_TOTAL.xlsx,birth_date,1552,1540,6,6,0,0
EA_2025_TOTAL.xlsx,vaccination_date,1552,1550,<5,0,0,0
EA_2025_TOTAL.xlsx,notification_date,1552,1551,<5,0,0,0
EA_2025_TOTAL.xlsx,age_raw,1552,1552,0,0,0,0
EA_2025_TOTAL.xlsx,province,1552,1552,0,0,0,0
EA_2025_TOTAL.xlsx,pregnant,1552,1552,0,0,0,0
EA_2025_TOTAL.xlsx,vaccine_raw,1552,1552,0,0,0,0
EA_2025_TOTAL.xlsx,dose_raw,1552,1522,30,0,0,0
EA_2025_TOTAL.xlsx,lot_raw,1552,1545,0,7,0,0
EA_2025_TOTAL.xlsx,hist_personal_allergy,1552,1536,0,16,0,0
EA_2025_TOTAL.xlsx,hist_personal_seizure,1552,1539,0,13,0,0
EA_2025_TOTAL.xlsx,hist_personal_asthma,1552,1535,0,17,0,0
EA_2025_TOTAL.xlsx,hist_family_allergy,1552,1540,0,12,0,0
EA_2025_TOTAL.xlsx,hist_family_seizure,1552,1538,0,14,0,0
EA_2025_TOTAL.xlsx,hist_family_asthma,1552,1539,0,13,0,0
EA_2025_TOTAL.xlsx,ev_sterile_abscess,1552,1543,0,9,0,0
EA_2025_TOTAL.xlsx,ev_bacterial_abscess,1552,1547,0,5,0,0
EA_2025_TOTAL.xlsx,ev_lymphadenitis,1552,1544,0,8,0,0
EA_2025_TOTAL.xlsx,ev_severe_local_reaction,1552,1546,0,6,0,0
EA_2025_TOTAL.xlsx,ev_acute_paralysis,1552,1545,0,7,0,0
EA_2025_TOTAL.xlsx,ev_encephalopathy,1552,1547,0,5,0,0
EA_2025_TOTAL.xlsx,ev_behaviour_change,1552,1549,0,<5,0,0
EA_2025_TOTAL.xlsx,ev_brain_damage,1552,1548,0,<5,0,0
EA_2025_TOTAL.xlsx,ev_encephalitis,1552,1548,0,<5,0,0
EA_2025_TOTAL.xlsx,ev_meningitis,1552,1539,0,13,0,0
EA_2025_TOTAL.xlsx,ev_allergic_reaction,1552,1546,0,6,0,0
EA_2025_TOTAL.xlsx,ev_febrile_seizure,1552,1545,0,7,0,0
EA_2025_TOTAL.xlsx,ev_afebrile_seizure,1552,1550,0,<5,0,0
EA_2025_TOTAL.xlsx,ev_anaphylactic_reaction,1552,1547,0,5,0,0
EA_2025_TOTAL.xlsx,ev_anaphylactic_shock,1552,1549,0,<5,0,0
EA_2025_TOTAL.xlsx,ev_arthralgia,1552,1547,0,5,0,0
EA_2025_TOTAL.xlsx,ev_fever_39,1552,1545,0,7,0,0
EA_2025_TOTAL.xlsx,ev_fever_40,1552,1546,0,6,0,0
EA_2025_TOTAL.xlsx,ev_collapse,1552,1546,0,6,0,0
EA_2025_TOTAL.xlsx,ev_osteitis,1552,1547,0,5,0,0
EA_2025_TOTAL.xlsx,ev_persistent_crying,1552,1549,0,<5,0,0
EA_2025_TOTAL.xlsx,ev_sepsis,1552,1547,0,5,0,0
EA_2025_TOTAL.xlsx,ev_toxic_shock,1552,1537,0,15,0,0
EA_2025_TOTAL.xlsx,ev_rash,1552,1544,0,8,0,0
EA_2025_TOTAL.xlsx,ev_purpura,1552,1544,0,8,0,0
EA_2025_TOTAL.xlsx,ev_other,1552,1546,0,6,0,0
EA_2025_TOTAL.xlsx,hospitalized,1552,1552,0,0,0,0
EA_2025_TOTAL.xlsx,recovered,1552,1552,0,0,0,0
EA_2025_TOTAL.xlsx,died,1552,1552,0,0,0,0
EA_2025_TOTAL.xlsx,sequelae,1552,1550,0,<5,0,0
EA_2025_TOTAL.xlsx,admission_date,1552,20,0,0,1532,0
EA_2025_TOTAL.xlsx,discharge_date,1552,20,0,<5,1531,0
