event_a,event_b,n_both,log_or,lo,hi
ev_lymphadenitis,ev_severe_local_reaction,39,4.041304210800743,2.760299405182945,5.322309016418542
ev_lymphadenitis,ev_allergic_reaction,0,-0.7517374254476116,-3.5491157218077416,2.0456408709125182
ev_lymphadenitis,ev_febrile_seizure,0,-0.013547781251261827,-2.8201060082087035,2.7930104457061797
ev_lymphadenitis,ev_fever_39,13,-1.654637595166561,-2.306736287761346,-1.002538902571776
ev_lymphadenitis,ev_fever_40,0,-2.0151194103636763,-4.806464135868753,0.7762253151414007
ev_lymphadenitis,ev_persistent_crying,0,-1.2148541986353218,-4.009112179448037,1.5794037821773932
ev_lymphadenitis,ev_rash,0,-0.8143401726559775,-3.611207711431966,1.982527366120011
ev_lymphadenitis,ev_other,11,-0.03250304742708721,-0.7151257605630554,0.650119665708881
ev_severe_local_reaction,ev_allergic_reaction,0,-3.873638133731705,-6.655427778510635,-1.0918484889527744
ev_severe_local_reaction,ev_febrile_seizure,0,-3.131742563546651,-5.92276155267711,-0.3407235744161925
ev_severe_local_reaction,ev_fever_39,239,-2.23255649460981,-2.41746307573545,-2.0476499134841704
ev_severe_local_reaction,ev_fever_40,0,-5.155231577075487,-7.9309633661589904,-2.379499787991983
ev_severe_local_reaction,ev_persistent_crying,7,-1.5624907498378342,-2.3053334870075326,-0.8196480126681358
ev_severe_local_reaction,ev_rash,0,-3.9367004718198344,-6.717976729651161,-1.1554242139885083
ev_severe_local_reaction,ev_other,183,-0.19654836465824244,-0.38470936961225277,-0.008387359704232072
ev_allergic_reaction,ev_febrile_seizure,0,-0.6757385388197699,-3.4744055942541925,2.122928516614653
ev_allergic_reaction,ev_fever_39,17,-2.2163892059496564,-2.7521377181914053,-1.6806406937079075
ev_allergic_reaction,ev_fever_40,0,-2.6782528382972655,-5.461663692588993,0.10515801599446206
ev_allergic_reaction,ev_persistent_crying,<5,,,
ev_allergic_reaction,ev_rash,50,5.0417311448644035,4.477038649006264,5.606423640722543
ev_allergic_reaction,ev_other,25,0.18862364861055514,-0.2880234980461857,0.665270795267296
ev_febrile_seizure,ev_fever_39,32,0.7341022334264815,-0.11148124257007896,1.579685709423042
ev_febrile_seizure,ev_fever_40,8,1.160524973724495,0.3896865883860292,1.9313633590629606
ev_febrile_seizure,ev_persistent_crying,6,1.6468718956391368,0.7849634755346601,2.5087803157436137
ev_febrile_seizure,ev_rash,0,-0.738339735672868,-3.5364962680807004,2.059816796734964
ev_febrile_seizure,ev_other,<5,,,
ev_fever_39,ev_fever_40,263,4.406659982498897,2.7999205438444834,6.01339942115331
ev_fever_39,ev_persistent_crying,104,0.770870029560298,0.29121612818920056,1.2505239309313956
ev_fever_39,ev_rash,16,-2.3741517595596298,-2.917268550047488,-1.8310349690717715
ev_fever_39,ev_other,413,-1.5934052948269484,-1.7595743276876188,-1.427236261966278
ev_fever_40,ev_persistent_crying,18,0.7013649953012115,0.1908236038322324,1.2119063867701907
ev_fever_40,ev_rash,0,-2.7409798531659604,-5.523877443675881,0.041917737343960315
ev_fever_40,ev_other,37,-0.9201223909715517,-1.2744976835599178,-0.5657470983831856
ev_persistent_crying,ev_rash,<5,,,
ev_persistent_crying,ev_other,19,-0.7696396904847195,-1.2590077794529884,-0.28027160151645064
ev_rash,ev_other,24,0.04039682105686454,-0.4353662448814223,0.5161598869951514
