variable,level,group,n,denominator,pct
sex,M,AM-BC,1630,3231,50.44877746827608
sex,F,AM-BC,1601,3231,49.55122253172392
sex,M,Other vaccines,7782,15465,50.32007759456838
sex,F,Other vaccines,7683,15465,49.67992240543162
age_band,2-4m,AM-BC,1653,3231,51.16063138347261
age_band,4-6m,AM-BC,1360,3231,42.09223150727329
age_band,2-5y,AM-BC,112,3231,3.466419065304859
age_band,12-23m,AM-BC,60,3231,1.8570102135561746
age_band,6-11m,AM-BC,18,3231,0.5571030640668524
age_band,6-14y,AM-BC,13,3231,0.40235221293717116
age_band,15-60y,AM-BC,8,3231,0.24760136180748993
age_band,61y+,AM-BC,[c],3231,
age_band,0-2m,AM-BC,<5,3231,
age_band,2-4m,Other vaccines,3567,15465,23.06498545101843
age_band,4-6m,Other vaccines,3028,15465,19.579696087940512
age_band,12-23m,Other vaccines,2802,15465,18.118331716779824
age_band,6-11m,Other vaccines,1992,15465,12.880698351115422
age_band,0-2m,Other vaccines,[c],15465,
age_band,15-60y,Other vaccines,1042,15465,6.737795021015196
age_band,2-5y,Other vaccines,563,15465,3.640478499838345
age_band,6-14y,Other vaccines,383,15465,2.476559974135144
age_band,61y+,Other vaccines,[c],15465,
region,Occidente,AM-BC,1266,3231,39.182915506035286
region,Oriente,AM-BC,1136,3231,35.15939337666357
region,Centro,AM-BC,829,3231,25.657691117301145
region,Occidente,Other vaccines,6193,15465,40.04526349822179
region,Oriente,Other vaccines,5466,15465,35.3443258971872
region,Centro,Other vaccines,3806,15465,24.610410604591014
coadministered,No,AM-BC,3140,3231,97.1835345094398
coadministered,Yes,AM-BC,91,3231,2.8164654905601982
coadministered,No,Other vaccines,13784,15465,89.13029421273845
coadministered,Yes,Other vaccines,1681,15465,10.869705787261559
dose,1,AM-BC,1814,3231,56.143608789848344
dose,2,AM-BC,1417,3231,43.856391210151656
dose,1,Other vaccines,4728,15465,30.572259941804074
dose,2,Other vaccines,3755,15465,24.280633688975104
dose,3,Other vaccines,2632,15465,17.01907533139347
dose,R,Other vaccines,2036,15465,13.165211768509538
dose,multiple,Other vaccines,1681,15465,10.869705787261559
dose,U,Other vaccines,633,15465,4.093113482056256
place,VACCINATION_ROOM,AM-BC,2669,3231,82.60600433302383
place,POLYCLINIC,AM-BC,148,3231,4.580625193438564
place,SCHOOL,AM-BC,141,3231,4.36397400185701
place,FAMILY_DOCTOR,AM-BC,140,3231,4.333023831631074
place,VACCINATION_POST,AM-BC,133,3231,4.11637264004952
place,VACCINATION_ROOM,Other vaccines,12802,15465,82.7804720336243
place,POLYCLINIC,Other vaccines,694,15465,4.487552537989007
place,VACCINATION_POST,Other vaccines,660,15465,4.267701260911736
place,SCHOOL,Other vaccines,655,15465,4.235370190753314
place,FAMILY_DOCTOR,Other vaccines,654,15465,4.22890397672163
hospitalized,No,AM-BC,3208,3231,99.28814608480347
hospitalized,Yes,AM-BC,23,3231,0.7118539151965336
hospitalized,No,Other vaccines,15312,15465,99.01066925315227
hospitalized,Yes,Other vaccines,153,15465,0.9893307468477207
any_serious_event,No,AM-BC,3231,3231,100.0
any_serious_event,No,Other vaccines,15429,15465,99.76721629485937
any_serious_event,Yes,Other vaccines,36,15465,0.23278370514064015
pregnant,No,AM-BC,3231,3231,100.0
pregnant,No,Other vaccines,15365,15465,99.35337859683156
pregnant,Yes,Other vaccines,100,15465,0.6466214031684449
