event,year,a,expected,ic,ic025,ic975
ev_fever_39,2017,291,289.2025806451613,0.00892334735941611,-0.16165502075546737,0.16985702159927113
ev_fever_39,2018,594,578.1026567481402,0.039103862319444876,-0.07927789311616942,0.152758509286377
ev_fever_39,2019,847,842.2069464544139,0.008182350843233616,-0.09063344214420731,0.1036825896148006
ev_fever_39,2020,1036,1042.6686726073372,-0.00925233331801377,-0.09845757712886301,0.07724206709561296
ev_fever_39,2021,1250,1242.4745151544685,0.00870834056306354,-0.07239226055930831,0.08756209687577672
ev_fever_39,2022,1562,1543.371212121212,0.017303780033700804,-0.05514054602477844,0.08794997918370195
ev_fever_39,2023,1825,1818.6933342274679,0.004992795651741671,-0.0619663814660332,0.07041293579013035
ev_fever_39,2024,2100,2096.304431374833,0.0025404780585585557,-0.059832105008972895,0.06357553942409927
ev_fever_39,2025,2286,2280.6753851091144,0.003363548557918558,-0.05639112578598101,0.061889515885415865
ev_other,2017,111,123.91870967741936,-0.15815973938416233,-0.43915863777068576,0.09759153401736959
ev_other,2018,231,256.15897980871415,-0.14884054397263322,-0.3409547196000542,0.031126679870630048
ev_other,2019,340,374.0643994211288,-0.13755898650294784,-0.29503462092823,0.011660847373656894
ev_other,2020,424,463.38930679319526,-0.12801603693577082,-0.26864705810017436,0.005993750378894124
ev_other,2021,487,548.6273267712698,-0.1717384884797093,-0.3027520398725787,-0.046490088679837824
ev_other,2022,601,678.6576704545455,-0.17518180610625347,-0.2928584293584448,-0.062177257621004525
ev_other,2023,710,802.5317864806867,-0.17662244573460562,-0.2847183915904686,-0.0724815786032029
ev_other,2024,838,935.7482093984744,-0.15908027058880417,-0.25843419490104463,-0.06307749787641159
ev_other,2025,905,1018.9332477535302,-0.1709807648311813,-0.2665254778908039,-0.07853917928082371
ev_severe_local_reaction,2017,96,73.71483870967742,0.37882127045966624,0.07565135376711954,0.6528094551934281
ev_severe_local_reaction,2018,195,145.00552603613178,0.426094662416025,0.21641546368979228,0.621387425614237
ev_severe_local_reaction,2019,286,201.81837916063677,0.5019077547286033,0.3298025667968641,0.6641997906034904
ev_severe_local_reaction,2020,339,243.40330980210624,0.4771022386291209,0.3193884331731352,0.6265359090708051
ev_severe_local_reaction,2021,397,287.36809277848164,0.46554697056222316,0.3200982680825193,0.6039244274170745
ev_severe_local_reaction,2022,481,356.32102272727275,0.432335181434646,0.3004890307032729,0.5583443053891699
ev_severe_local_reaction,2023,565,419.8573631974249,0.42791067989859605,0.3064675107637437,0.544384223348686
ev_severe_local_reaction,2024,669,491.1509928375939,0.4454494992802537,0.334029040552341,0.5526725857485931
ev_severe_local_reaction,2025,732,532.1057445442875,0.45976077037640434,0.3533310581627194,0.5623542295733422
ev_fever_40,2017,35,31.81935483870968,0.13542062542254127,-0.3822864153360389,0.5734690746233533
ev_fever_40,2018,71,65.08671625929861,0.12453959667347027,-0.23072375323671557,0.4403841140758721
ev_fever_40,2019,90,92.17583212735167,-0.03427537172626823,-0.3478781461149376,0.24820592237838773
ev_fever_40,2020,116,114.69355398680709,0.016269966323782963,-0.2583389219714365,0.2667170155223011
ev_fever_40,2021,142,137.0288470909268,0.05122765925815446,-0.19592690263961576,0.27863616527100205
ev_fever_40,2022,176,168.3771306818182,0.06369421169707971,-0.15740937087754744,0.26886060324082683
ev_fever_40,2023,205,198.99758583690988,0.04276710571593662,-0.16156147142200475,0.23341012242407036
ev_fever_40,2024,237,228.0961975193618,0.05512610755342215,-0.1344645351886822,0.23287697433548118
ev_fever_40,2025,264,247.9934210526316,0.09006006588528397,-0.08928057487733485,0.2587706081212378
ev_bacterial_abscess,2017,<5,,,,
ev_bacterial_abscess,2018,<5,,,,
ev_bacterial_abscess,2019,<5,,,,
ev_bacterial_abscess,2020,<5,,,,
ev_bacterial_abscess,2021,<5,,,,
ev_bacterial_abscess,2022,[c],,,,
ev_bacterial_abscess,2023,[c],,,,
ev_bacterial_abscess,2024,[c],,,,
ev_bacterial_abscess,2025,[c],,,,
