event,a,expected,ror,ror_lo,ror_hi,prr,prr_lo,prr_hi,chi2_yates,ic,ic025,ic975,fisher_p,ebgm,eb05,eb95,signal_ror,signal_prr,signal_ic,signal_ebgm,signal_any,n_criteria_met,signal_primary,fisher_p_bh,design,label_en,label_es
ev_sterile_abscess,26,17.281771501925547,1.6872538685331198,1.0775084578761085,2.6420447988792537,1.681723506236041,1.0774499582290777,2.6248958755127054,4.750027265958987,0.5755933004276398,-0.03229342580073321,1.076527397887954,0.03256198354102281,1.383368370048691,1.018935497204035,1.8492619048750536,True,False,False,False,True,1,False,0.14110192867776553,primary_all_other_vaccines,Sterile abscess,Absceso estéril
ev_bacterial_abscess,8,2.592265725288832,5.481317317494792,1.9862689572601997,15.126269493992027,5.47022151478976,1.985061921156994,15.074251892065892,11.241646295617047,1.4587985426588435,0.29052062611417656,2.287382775421485,0.0015998498379858422,1.8837608696188688,1.078145493262113,3.505638542490254,True,True,True,False,True,3,True,0.010399023946907974,primary_all_other_vaccines,Bacterial abscess,Absceso bacteriano
ev_lymphadenitis,41,36.291720154043645,1.1632802211051547,0.825230297163707,1.6398099748221062,1.1612082653436842,0.8272596108207276,1.6299655124764647,0.5966315246717088,0.17373020704473585,-0.30184950578881076,0.5812335133454403,0.40829986182417344,1.1093166475040679,0.8654984310334295,1.4047384817502337,False,False,False,False,False,0,False,1.0,primary_all_other_vaccines,Lymphadenitis,Linfadenitis
ev_severe_local_reaction,732,532.1057445442875,1.637191050259047,1.491272115432657,1.7973879530837127,1.4928320750842954,1.386619994569246,1.6071797703254542,108.13771808341933,0.45976077037640434,0.3533310581627194,0.5623542295733422,6.870795385335173e-24,1.3717020888089257,1.2905547948687626,1.456833069516139,True,False,True,False,True,2,True,1.7864068001871448e-22,primary_all_other_vaccines,Severe local reaction,Reacción local severa
ev_acute_paralysis,0,0.17281771501925547,1.5951828356284492,0.064969072522235,39.16645536555497,1.5950907590759078,0.06499449801865027,39.146614055843024,0.7488818559273318,-0.4282875967847207,-10.420175412591584,1.900516184551453,1.0,0.8834752179215093,0.3118108579685159,1.97482202677105,False,False,False,False,False,0,False,1.0,primary_all_other_vaccines,Acute flaccid paralysis,Parálisis aguda
ev_encephalopathy,0,1.0369062901155328,0.36800009521655813,0.020726076516234253,6.533994505584369,0.3680978674790556,0.02074194340282458,6.532465999505955,0.33619840441026655,-1.620029202174332,-11.611917017981195,0.7087745791618417,0.598381919901709,0.6967607083846178,0.18589129957985237,1.5837464193409359,False,False,False,False,False,0,False,1.0,primary_all_other_vaccines,Encephalopathy,Encefalopatía
ev_behaviour_change,<5,,,,,,,,,,,,,,,,False,False,False,False,False,0,False,,primary_all_other_vaccines,Behavioural change,Cambio de conducta
ev_brain_damage,0,0.17281771501925547,1.5951828356284492,0.064969072522235,39.16645536555497,1.5950907590759078,0.06499449801865027,39.146614055843024,0.7488818559273318,-0.4282875967847207,-10.420175412591584,1.900516184551453,1.0,0.8834752179215093,0.3118108579685159,1.97482202677105,False,False,False,False,False,0,False,1.0,primary_all_other_vaccines,Brain damage,Daño cerebral
ev_encephalitis,0,0.5184531450577664,0.683561371322473,0.03530013986230541,13.236665638914666,0.6836103253182461,0.03531979297817375,13.231195244278629,0.0007941448913609912,-1.0263796092211106,-11.018267425027974,1.3024241721150633,1.0,0.8000963151744506,0.2569131100362156,1.7774679074184396,False,False,False,False,False,0,False,1.0,primary_all_other_vaccines,Encephalitis,Encefalitis
ev_meningitis,0,0.34563543003851094,0.9570478106142658,0.0459362033023525,19.939403911394912,0.9570544554455446,0.04595826842146835,19.930107511628993,0.08335319215154213,-0.7581077284629077,-10.74999554426977,1.570696052873266,1.0,0.8397192032333397,0.2838110301985651,1.8646827932673784,False,False,False,False,False,0,False,1.0,primary_all_other_vaccines,Aseptic meningitis,Meningitis
ev_allergic_reaction,79,96.25946726572529,0.7858283509971752,0.6174640817250204,1.0001005977639146,0.7910649837025987,0.6253925826140446,1.0006255683825236,3.6358930417257898,-0.283447965811998,-0.6192812146875691,0.016944897920424116,0.0528747151985067,0.8283318525982097,0.6899347048618948,0.9877006133071893,False,False,False,False,False,0,False,0.19639179930873918,primary_all_other_vaccines,Allergic reaction,Reacción alérgica
ev_febrile_seizure,38,44.75978818998716,0.820902058093709,0.580620400614521,1.1606209293873608,0.8230084405735724,0.584561167118164,1.1587203039753484,1.0732192968693544,-0.23337138718502234,-0.7287118119425045,0.18855553478857837,0.282756701121618,0.8614286673384265,0.6659598482592166,1.0993495253861616,False,False,False,False,False,0,False,0.8168526921291187,primary_all_other_vaccines,Febrile seizure,Convulsión febril
ev_afebrile_seizure,6,5.70298459563543,1.0637726098191214,0.4388519589865526,2.578573804283872,1.0636541834313422,0.43951732427664,2.574096991041239,0.00874963591042818,0.06747717598621605,-1.3085117900795489,0.9955547323511527,0.8195133194968125,1.011828967044177,0.5984718618551166,1.625368259064317,False,False,False,False,False,0,False,1.0,primary_all_other_vaccines,Afebrile seizure,Convulsión afebril
ev_anaphylactic_reaction,0,0.6912708600770219,0.5316244606048103,0.02861553055857588,9.876614607400834,0.5316969196919692,0.02863351091378,9.873103415825858,0.06399426768355175,-1.252501477065903,-11.244389292872766,1.0763023042702704,1.0,0.7634737826987764,0.2314008260418615,1.7043174368653335,False,False,False,False,False,0,False,1.0,primary_all_other_vaccines,Anaphylactic reaction,Reacción anafiláctica
ev_anaphylactic_shock,0,0.6912708600770219,0.5316244606048103,0.02861553055857588,9.876614607400834,0.5316969196919692,0.02863351091378,9.873103415825858,0.06399426768355175,-1.252501477065903,-11.244389292872766,1.0763023042702704,1.0,0.7634737826987764,0.2314008260418615,1.7043174368653335,False,False,False,False,False,0,False,1.0,primary_all_other_vaccines,Anaphylactic shock,Shock anafiláctico
ev_arthralgia,18,36.98299101412067,0.4364317155433602,0.2689217266912524,0.7082828326132274,0.43957137172417715,0.27166680121919473,0.7112499207570546,11.296423907892295,-1.0187108089649202,-1.7618224139748608,-0.42938852057005483,0.0002528887485507021,0.5393063136217091,0.3720273155807644,0.7567014603510318,False,False,False,False,False,0,False,0.0021917024874394185,primary_all_other_vaccines,Arthralgia,Artralgias
ev_fever_39,2286,2280.6753851091144,1.009654738992105,0.9289460069081558,1.0973756110563733,1.0028238094545152,0.9786549207767027,1.0275895736678402,0.04194938374840583,0.003363548557918558,-0.05639112578598101,0.061889515885415865,0.8319191795798813,1.0022564975781965,0.9682807901934146,1.037166993465984,False,False,False,False,False,0,False,1.0,primary_all_other_vaccines,Fever ≥39 °C,Fiebre ≥39 °C
ev_fever_40,264,247.9934210526316,1.0861336356626565,0.9449327828636981,1.2484340642121041,1.0790957898517801,0.94940847788903,1.2264981309888214,1.269618819523944,0.09006006588528397,-0.08928057487733485,0.2587706081212378,0.2450370583629222,1.06253096760789,0.9601684936894556,1.173329890780356,False,False,False,False,False,0,False,0.7963704396794972,primary_all_other_vaccines,Fever ≥40 °C,Fiebre ≥40 °C
ev_collapse,18,19.874037227214377,0.8875797741777123,0.5359578565214721,1.4698876897568103,0.8882060707003991,0.5378751946890181,1.4667157582627777,0.11555514605634613,-0.13920661582465393,-0.8823182208345948,0.4501156725702112,0.7117457829478082,0.9184495851126865,0.6438485797605351,1.2774610426574167,False,False,False,False,False,0,False,1.0,primary_all_other_vaccines,Collapse / hypotonic-hyporesponsive episode,Colapso / episodio hipotónico-hiporreactivo
ev_osteitis,0,0.5184531450577664,0.683561371322473,0.03530013986230541,13.236665638914666,0.6836103253182461,0.03531979297817375,13.231195244278629,0.0007941448913609912,-1.0263796092211106,-11.018267425027974,1.3024241721150633,1.0,0.8000963151744506,0.2569131100362156,1.7774679074184396,False,False,False,False,False,0,False,1.0,primary_all_other_vaccines,Osteitis / osteomyelitis,Osteítis / osteomielitis
ev_persistent_crying,124,126.15693196405648,0.9785823770661585,0.8035935787125634,1.1916763573928264,0.9794043471199488,0.8103945348815197,1.18366157947708,0.027377533082257408,-0.024780295961102657,-0.2900023364132334,0.21783541895909334,0.8809199927116191,0.9823276927417487,0.8481212815396941,1.132772758359298,False,False,False,False,False,0,False,1.0,primary_all_other_vaccines,Persistent crying (≥3 h),Llanto persistente
ev_sepsis,0,1.2097240051347882,0.3189127856000825,0.018209729088742826,5.585221192668814,0.31901815181518156,0.018224892179773203,5.584262457284986,0.5035633350417711,-1.7737634546083965,-11.76565127041526,0.5550403267277773,0.6124210038502136,0.6659516953557688,0.16634366283871443,1.5320282933569505,False,False,False,False,False,0,False,1.0,primary_all_other_vaccines,Sepsis,Sepsis
ev_toxic_shock,0,0.34563543003851094,0.9570478106142658,0.0459362033023525,19.939403911394912,0.9570544554455446,0.04595826842146835,19.930107511628993,0.08335319215154213,-0.7581077284629077,-10.74999554426977,1.570696052873266,1.0,0.8397192032333397,0.2838110301985651,1.8646827932673784,False,False,False,False,False,0,False,1.0,primary_all_other_vaccines,Toxic shock syndrome,Shock tóxico
ev_rash,84,112.67715019255456,0.7000563917345829,0.5549285085025434,0.8831388982535894,0.7078543685511397,0.564691420400389,0.8873125905147673,8.826183156186207,-0.4215594693353542,-0.7467296641061246,-0.12972673829139583,0.0021893199953120913,0.7553049137271336,0.6323479704977536,0.8963116870131466,False,False,False,False,False,0,False,0.011384463975622875,primary_all_other_vaccines,Rash,Exantema
ev_purpura,0,0.5184531450577664,0.683561371322473,0.03530013986230541,13.236665638914666,0.6836103253182461,0.03531979297817375,13.231195244278629,0.0007941448913609912,-1.0263796092211106,-11.018267425027974,1.3024241721150633,1.0,0.8000963151744506,0.2569131100362156,1.7774679074184396,False,False,False,False,False,0,False,1.0,primary_all_other_vaccines,Purpura / thrombocytopenia,Púrpura
ev_other,905,1018.9332477535302,0.8165144379401409,0.7508332218523573,0.8879413003595121,0.8679085678269167,0.8175221068562869,0.9214005050016183,22.298338538981383,-0.1709807648311813,-0.2665254778908039,-0.07853917928082371,1.855566177244176e-06,0.8886014160851113,0.84118818629658,0.9381005208215101,False,False,False,False,False,0,False,2.4122360304174287e-05,primary_all_other_vaccines,Other event,Otro evento
ev_sterile_abscess,[c],,,,,,,,,,,,,,,,True,False,False,False,True,1,False,,infant_active_comparator,Sterile abscess,Absceso estéril
ev_bacterial_abscess,[c],,,,,,,,,,,,,,,,True,True,True,False,True,3,True,,infant_active_comparator,Bacterial abscess,Absceso bacteriano
ev_lymphadenitis,[c],,,,,,,,,,,,,,,,False,False,False,False,False,0,False,,infant_active_comparator,Lymphadenitis,Linfadenitis
ev_severe_local_reaction,682,472.5812962547656,1.8496668233724087,1.6700507608844564,2.048600819577891,1.65854783473785,1.5278957232434205,1.8003721577767402,141.4797245383221,0.5287409224560127,0.41840737464763433,0.6349570756620948,1.1400427463479978e-30,,,,True,False,True,False,True,2,True,2.9641111405047945e-29,infant_active_comparator,Severe local reaction,Reacción local severa
ev_acute_paralysis,0,0.22665769604545113,1.1370706237977466,0.046309490800885096,27.91932239252964,1.1370480272557424,0.046332276049762346,27.90448314901653,0.4262888079227091,-0.5393478242572496,-10.531235640064113,1.789455957078924,1.0,,,,False,False,False,False,False,0,False,1.0,infant_active_comparator,Acute flaccid paralysis,Parálisis aguda
ev_encephalopathy,[c],,,,,,,,,,,,,,,,False,False,False,False,False,0,False,,infant_active_comparator,Encephalopathy,Encefalopatía
ev_behaviour_change,<5,,,,,,,,,,,,,,,,False,False,False,False,False,0,False,,infant_active_comparator,Behavioural change,Cambio de conducta
ev_brain_damage,0,0.22665769604545113,1.1370706237977466,0.046309490800885096,27.91932239252964,1.1370480272557424,0.046332276049762346,27.90448314901653,0.4262888079227091,-0.5393478242572496,-10.531235640064113,1.789455957078924,1.0,,,,False,False,False,False,False,0,False,1.0,infant_active_comparator,Brain damage,Daño cerebral
ev_encephalitis,[c],,,,,,,,,,,,,,,,False,False,False,False,False,0,False,,infant_active_comparator,Encephalitis,Encefalitis
ev_meningitis,0,0.45331539209090227,0.6821764220939819,0.032741893859958834,14.213126242830347,0.6822288163534455,0.03276207771479278,14.206551913918114,0.006217848472334929,-0.9310254952492445,-10.922913311056107,1.3977782860869292,1.0,,,,False,False,False,False,False,0,False,1.0,infant_active_comparator,Aseptic meningitis,Meningitis
ev_allergic_reaction,73,70.49054347013531,1.0476668531555915,0.8034480544492623,1.3661192271519198,1.0465192013480853,0.8076590175718347,1.356020814430918,0.07583517226407352,0.050117391491858496,-0.299980108699615,0.361872123737948,0.7319817661102759,,,,False,False,False,False,False,0,False,1.0,infant_active_comparator,Allergic reaction,Reacción alérgica
ev_febrile_seizure,[c],,,,,,,,,,,,,,,,False,False,False,False,False,0,False,,infant_active_comparator,Febrile seizure,Convulsión febril
ev_afebrile_seizure,6,5.89310009718173,1.0236285525446134,0.4107136265561257,2.551206840568247,1.0235817941952507,0.41143377059632,2.546508731865725,0.033973136787591396,0.023924035752914748,-1.3520649303128505,0.9520015921178511,1.0,,,,False,False,False,False,False,0,False,1.0,infant_active_comparator,Afebrile seizure,Convulsión afebril
ev_anaphylactic_reaction,[c],,,,,,,,,,,,,,,,False,False,False,False,False,0,False,,infant_active_comparator,Anaphylactic reaction,Reacción anafiláctica
ev_anaphylactic_shock,[c],,,,,,,,,,,,,,,,False,False,False,False,False,0,False,,infant_active_comparator,Anaphylactic shock,Shock anafiláctico
ev_arthralgia,18,24.252373476863273,0.688204111151704,0.414024896716312,1.1439527003387737,0.6900551421541016,0.41648778391542457,1.1433134838596217,1.7785084749273012,-0.42004159946575415,-1.163153204475695,0.16928068892911113,0.1645390243798527,,,,False,False,False,False,False,0,False,0.6111449476965959,infant_active_comparator,Arthralgia,Artralgias
ev_fever_39,2150,2245.271137026239,0.8136996417958622,0.743578073698101,0.8904338770585313,0.9458057665118571,0.9221112211345479,0.9701091662960638,19.93497678392535,-0.06253878118402384,-0.12417410962549318,-0.0022098730994507135,8.4562174133101e-06,,,,False,False,False,False,False,0,False,0.0001099308263730313,infant_active_comparator,Fever ≥39 °C,Fiebre ≥39 °C
ev_fever_40,251,253.62996187485984,0.9854257080220125,0.8509788200577695,1.141113977389899,0.986632220979293,0.8624619335260963,1.1286795412461854,0.025241226006363207,-0.015008078863087035,-0.19907329447720412,0.1578770533499659,0.8814109686478193,,,,False,False,False,False,False,0,False,1.0,infant_active_comparator,Fever ≥40 °C,Fiebre ≥40 °C
ev_collapse,18,18.585931075726993,0.9593667053749171,0.5678104121577106,1.620936241525427,0.9596079320580474,0.5697407702510404,1.6162567808917316,0.0005169098313149435,-0.044984297031122306,-0.788095902041063,0.5443379913637432,1.0,,,,False,False,False,False,False,0,False,1.0,infant_active_comparator,Collapse / hypotonic-hyporesponsive episode,Colapso / episodio hipotónico-hiporreactivo
ev_osteitis,0,0.6799730881363535,0.4872217642209398,0.025160013262206887,9.435012814049015,0.48730629739531817,0.025178292998762643,9.43143474789194,0.06160969419162963,-1.2387539561506997,-11.230641771957563,1.090049825185474,1.0,,,,False,False,False,False,False,0,False,1.0,infant_active_comparator,Osteitis / osteomyelitis,Osteítis / osteomielitis
ev_persistent_crying,117,129.87485983404352,0.8704319761668322,0.7074827090029397,1.0709121445546856,0.8754317976669908,0.7174277254514418,1.0682342000153582,1.5929303203742688,-0.15000494491477345,-0.42338658911650634,0.0994209062428293,0.20232329987114084,,,,False,False,False,False,False,0,False,0.6575507245812078,infant_active_comparator,Persistent crying (≥3 h),Llanto persistente
ev_sepsis,[c],,,,,,,,,,,,,,,,False,False,False,False,False,0,False,,infant_active_comparator,Sepsis,Sepsis
ev_toxic_shock,[c],,,,,,,,,,,,,,,,False,False,False,False,False,0,False,,infant_active_comparator,Toxic shock syndrome,Shock tóxico
ev_rash,[c],,,,,,,,,,,,,,,,False,False,False,False,False,0,False,,infant_active_comparator,Rash,Exantema
ev_purpura,0,0.6799730881363535,0.4872217642209398,0.025160013262206887,9.435012814049015,0.48730629739531817,0.025178292998762643,9.43143474789194,0.06160969419162963,-1.2387539561506997,-11.230641771957563,1.090049825185474,1.0,,,,False,False,False,False,False,0,False,1.0,infant_active_comparator,Purpura / thrombocytopenia,Púrpura
ev_other,853,884.1916722733049,0.9371760565840238,0.8567375688532972,1.0251668573492616,0.9548504707442573,0.8954486066753338,1.0181929087652293,1.944717808300945,-0.0517835896411042,-0.150245421424313,0.04338600232459469,0.15900876662469487,,,,False,False,False,False,False,0,False,0.6111449476965959,infant_active_comparator,Other event,Otro evento
ev_sterile_abscess,[c],,,,,,,,,,,,,,,,False,False,False,False,False,0,False,,excluding_coadministration,Sterile abscess,Absceso estéril
ev_bacterial_abscess,[c],,,,,,,,,,,,,,,,True,True,True,False,True,3,True,,excluding_coadministration,Bacterial abscess,Absceso bacteriano
ev_lymphadenitis,[c],,,,,,,,,,,,,,,,False,False,False,False,False,0,False,,excluding_coadministration,Lymphadenitis,Linfadenitis
ev_severe_local_reaction,712,519.1278657527771,1.64448010664965,1.4944859821835494,1.809528395318402,1.498343216224634,1.38906621869816,1.61621696891487,104.86282462733729,0.45541121481585073,0.34746996740466146,0.5594084891637814,2.8088198968319285e-23,,,,True,False,True,False,True,2,True,7.302931731763014e-22,excluding_coadministration,Severe local reaction,Reacción local severa
ev_acute_paralysis,0,0.18553533443630346,1.4629836013373667,0.059584220907695724,35.920936536162934,1.4629099013053168,0.05960918248125425,35.90227696899125,0.6544409857603757,-0.45530293362955343,-10.447190749436416,1.8735008477066202,1.0,,,,False,False,False,False,False,0,False,1.0,excluding_coadministration,Acute flaccid paralysis,Parálisis aguda
ev_encephalopathy,[c],,,,,,,,,,,,,,,,False,False,False,False,False,0,False,,excluding_coadministration,Encephalopathy,Encefalopatía
ev_behaviour_change,<5,,,,,,,,,,,,,,,,False,False,False,False,False,0,False,,excluding_coadministration,Behavioural change,Cambio de conducta
ev_brain_damage,0,0.18553533443630346,1.4629836013373667,0.059584220907695724,35.920936536162934,1.4629099013053168,0.05960918248125425,35.90227696899125,0.6544409857603757,-0.45530293362955343,-10.447190749436416,1.8735008477066202,1.0,,,,False,False,False,False,False,0,False,1.0,excluding_coadministration,Brain damage,Daño cerebral
ev_encephalitis,[c],,,,,,,,,,,,,,,,False,False,False,False,False,0,False,,excluding_coadministration,Encephalitis,Encefalitis
ev_meningitis,0,0.3710706688726069,0.8777264766756886,0.042128503506741945,18.286995827758947,0.8777459407831901,0.04215028027084869,18.278358568690365,0.05500800699994626,-0.8008616727269705,-10.792749488533833,1.527942108609203,1.0,,,,False,False,False,False,False,0,False,1.0,excluding_coadministration,Aseptic meningitis,Meningitis
ev_allergic_reaction,[c],,,,,,,,,,,,,,,,False,False,False,False,False,0,False,,excluding_coadministration,Allergic reaction,Reacción alérgica
ev_febrile_seizure,[c],,,,,,,,,,,,,,,,False,False,False,False,False,0,False,,excluding_coadministration,Febrile seizure,Convulsión febril
ev_afebrile_seizure,[c],,,,,,,,,,,,,,,,False,False,False,False,False,0,False,,excluding_coadministration,Afebrile seizure,Convulsión afebril
ev_anaphylactic_reaction,[c],,,,,,,,,,,,,,,,False,False,False,False,False,0,False,,excluding_coadministration,Anaphylactic reaction,Reacción anafiláctica
ev_anaphylactic_shock,0,0.7421413377452138,0.48755506023456985,0.026243134339695575,9.057985745276357,0.48763663376843897,0.0262610201900087,9.054845732287443,0.09702455560465273,-1.312829340758732,-11.304717156565594,1.0159744405774416,1.0,,,,False,False,False,False,False,0,False,1.0,excluding_coadministration,Anaphylactic shock,Shock anafiláctico
ev_arthralgia,18,35.25171354289766,0.45628175141158767,0.28034358610822535,0.7426352768094145,0.4593986076136868,0.28313624718914326,0.7453905417359316,9.884830977687612,-0.9504871196976012,-1.6935987247075417,-0.3611648313027357,0.0006791944151701912,,,,False,False,False,False,False,0,False,0.0038149957837514347,excluding_coadministration,Arthralgia,Artralgias
ev_fever_39,2223,2206.386197116521,1.0317118204724698,0.9475116984005267,1.12339434151521,1.009261063494667,0.9843765234161833,1.0347746721461888,0.4859646711755711,0.010820168859290704,-0.04978407696190313,0.0701608901337113,0.47543880440571146,,,,False,False,False,False,False,0,False,1.0,excluding_coadministration,Fever ≥39 °C,Fiebre ≥39 °C
ev_fever_40,[c],,,,,,,,,,,,,,,,False,False,False,False,False,0,False,,excluding_coadministration,Fever ≥40 °C,Fiebre ≥40 °C
ev_collapse,[c],,,,,,,,,,,,,,,,False,False,False,False,False,0,False,,excluding_coadministration,Collapse / hypotonic-hyporesponsive episode,Colapso / episodio hipotónico-hiporreactivo
ev_osteitis,[c],,,,,,,,,,,,,,,,False,False,False,False,False,0,False,,excluding_coadministration,Osteitis / osteomyelitis,Osteítis / osteomielitis
ev_persistent_crying,119,123.19546206570551,0.9568743565682425,0.7816880273359382,1.1713221927913655,0.958508736048618,0.7890939673005832,1.1642960599793197,0.14166188421455586,-0.04978195587227525,-0.32075695331681975,0.19763897481386897,0.7214473179133305,,,,False,False,False,False,False,0,False,1.0,excluding_coadministration,Persistent crying (≥3 h),Llanto persistente
ev_sepsis,[c],,,,,,,,,,,,,,,,False,False,False,False,False,0,False,,excluding_coadministration,Sepsis,Sepsis
ev_toxic_shock,[c],,,,,,,,,,,,,,,,False,False,False,False,False,0,False,,excluding_coadministration,Toxic shock syndrome,Shock tóxico
ev_rash,[c],,,,,,,,,,,,,,,,False,False,False,False,False,0,False,,excluding_coadministration,Rash,Exantema
ev_purpura,0,0.5566060033089104,0.6269019946778266,0.0323738105500065,12.139630900847378,0.6269613862737072,0.032393291048741626,12.134629336882973,0.00706938838667666,-1.0794375119737551,-11.071325327780619,1.2493662693624186,1.0,,,,False,False,False,False,False,0,False,1.0,excluding_coadministration,Purpura / thrombocytopenia,Púrpura
ev_other,885,992.6140392342236,0.8191144228453381,0.7519620900606292,0.8922636481037948,0.8700965043045342,0.8187555597764719,0.924656837762002,20.751986243735704,-0.16546708488641693,-0.2621029763354341,-0.07200442724853844,4.326042697999118e-06,,,,False,False,False,False,False,0,False,5.623855507398853e-05,excluding_coadministration,Other event,Otro evento
ev_sterile_abscess,26,23.360317648453243,1.1985379986628037,0.7201787788608581,1.9946343552510817,1.1969403546005215,0.7219653083170958,1.9843975824971054,0.3199301215194327,0.1513791101549426,-0.4565076160734302,0.6523132076152567,0.5098863706822121,,,,False,False,False,False,False,0,False,0.724742062749035,excluding_pentavalent_masking,Sterile abscess,Absceso estéril
ev_bacterial_abscess,[c],,,,,,,,,,,,,,,,False,False,False,False,False,0,False,,excluding_pentavalent_masking,Bacterial abscess,Absceso bacteriano
ev_lymphadenitis,41,45.57176721583501,0.8449803070492725,0.5774720466395407,1.2364091447473269,0.8469474402622035,0.581794128536551,1.232944664414284,0.5980300824852338,-0.15077160128336403,-0.6263513141169109,0.25673170501734,0.44749889331570114,,,,False,False,False,False,False,0,False,0.724742062749035,excluding_pentavalent_masking,Lymphadenitis,Linfadenitis
ev_severe_local_reaction,732,667.8753111295484,1.2139274682204897,1.0905009182451106,1.3513238489258972,1.165461078020119,1.0711733381737687,1.2680482943083395,12.382463690623448,0.1321703163344786,0.025740604120793764,0.23476377553141645,0.00044258191188567455,,,,True,False,True,False,True,2,True,0.0016438756727182196,excluding_pentavalent_masking,Severe local reaction,Reacción local severa
ev_acute_paralysis,[c],,,,,,,,,,,,,,,,False,False,False,False,False,0,False,,excluding_pentavalent_masking,Acute flaccid paralysis,Parálisis aguda
ev_encephalopathy,[c],,,,,,,,,,,,,,,,False,False,False,False,False,0,False,,excluding_pentavalent_masking,Encephalopathy,Encefalopatía
ev_behaviour_change,<5,,,,,,,,,,,,,,,,False,False,False,False,False,0,False,,excluding_pentavalent_masking,Behavioural change,Cambio de conducta
ev_brain_damage,[c],,,,,,,,,,,,,,,,False,False,False,False,False,0,False,,excluding_pentavalent_masking,Brain damage,Daño cerebral
ev_encephalitis,[c],,,,,,,,,,,,,,,,False,False,False,False,False,0,False,,excluding_pentavalent_masking,Encephalitis,Encefalitis
ev_meningitis,[c],,,,,,,,,,,,,,,,False,False,False,False,False,0,False,,excluding_pentavalent_masking,Aseptic meningitis,Meningitis
ev_allergic_reaction,79,128.2902690529809,0.48462533708756345,0.37510249159543496,0.6261267856374132,0.4972265745899102,0.3878586753755177,0.6374338958360227,31.314999254685258,-0.695996827016227,-1.031830075891798,-0.39560396328380465,7.456083698669484e-09,,,,False,False,False,False,False,0,False,3.877163523308132e-08,excluding_pentavalent_masking,Allergic reaction,Reacción alérgica
ev_febrile_seizure,38,34.46604243214413,1.1795755137440074,0.7745629011625554,1.7963659123565872,1.1774635145108683,0.7767658806579157,1.7848625467817878,0.4374909843939061,0.13890392934356344,-0.3564364954139185,0.5608308513171644,0.4470164821622875,,,,False,False,False,False,False,0,False,0.724742062749035,excluding_pentavalent_masking,Febrile seizure,Convulsión febril
ev_afebrile_seizure,6,3.8295602702382365,2.4195348837209303,0.6822641652772224,8.580472713474194,2.416898792943361,0.6825603346318202,8.558070955708235,1.1822563437523848,0.5862192123950045,-0.7897697536707607,1.514296768759941,0.1965805722129808,,,,False,False,False,False,False,0,False,0.5111094877537501,excluding_pentavalent_masking,Afebrile seizure,Convulsión afebril
ev_anaphylactic_reaction,[c],,,,,,,,,,,,,,,,False,False,False,False,False,0,False,,excluding_pentavalent_masking,Anaphylactic reaction,Reacción anafiláctica
ev_anaphylactic_shock,[c],,,,,,,,,,,,,,,,False,False,False,False,False,0,False,,excluding_pentavalent_masking,Anaphylactic shock,Shock anafiláctico
ev_arthralgia,18,53.996799810359136,0.23151374370886565,0.14090047674738826,0.3804005122153559,0.23579500418959623,0.14406976752200384,0.38591916234112067,38.460380107115405,-1.5586462429410028,-2.3017578479509435,-0.9693239545461373,1.7465401956407815e-11,,,,False,False,False,False,False,0,False,1.1352511271665079e-10,excluding_pentavalent_masking,Arthralgia,Artralgias
ev_fever_39,2286,2030.0498992532891,1.7579215035931455,1.6007440427108564,1.9305322589623948,1.221676205786296,1.1831328264913519,1.2614752277734302,140.15265325812666,0.1712704382895751,0.11151576394567556,0.22979640561707224,7.703876063270827e-33,,,,True,False,True,False,True,2,True,1.0015038882252075e-31,excluding_pentavalent_masking,Fever ≥39 °C,Fiebre ≥39 °C
ev_fever_40,264,209.0939907550077,1.5536576095920371,1.305638541474093,1.8487903743389453,1.5084191048157147,1.2828124718420426,1.7737028955649348,24.529691223911783,0.33567036821312646,0.15632972745050736,0.5043809104490801,8.219561388892865e-07,,,,True,False,True,False,True,2,True,3.561809935186908e-06,excluding_pentavalent_masking,Fever ≥40 °C,Fiebre ≥40 °C
ev_collapse,18,16.084153135000594,1.2096171802054154,0.655468607704539,2.232255985183115,1.2084493964716807,0.6569091171752401,2.2230623775057143,0.20299512191504102,0.15771992754112882,-0.5853916774688117,0.7470422159359943,0.5296191997012178,,,,False,False,False,False,False,0,False,0.724742062749035,excluding_pentavalent_masking,Collapse / hypotonic-hyporesponsive episode,Colapso / episodio hipotónico-hiporreactivo
ev_osteitis,[c],,,,,,,,,,,,,,,,False,False,False,False,False,0,False,,excluding_pentavalent_masking,Osteitis / osteomyelitis,Osteítis / osteomielitis
ev_persistent_crying,124,100.71743510726562,1.454844363968111,1.1373569302006576,1.8609568088676984,1.4373882509591214,1.1328460349500469,1.8238003402522627,8.620607573027762,0.29868792087510554,0.03346588042297477,0.5413036357953014,0.0030073612198219884,,,,True,False,True,False,True,2,True,0.009773923964421461,excluding_pentavalent_masking,Persistent crying (≥3 h),Llanto persistente
ev_sepsis,0,0.7659120540476473,0.3221104750116045,0.015459352313319935,6.711481568526323,0.3222153465346535,0.015474200858308952,6.709408162212054,0.14965250557532467,-1.3401771807563614,-11.332064996563224,0.9886266005798124,0.5273425612408664,,,,False,False,False,False,False,0,False,0.724742062749035,excluding_pentavalent_masking,Sepsis,Sepsis
ev_toxic_shock,[c],,,,,,,,,,,,,,,,False,False,False,False,False,0,False,,excluding_pentavalent_masking,Toxic shock syndrome,Shock tóxico
ev_rash,84,146.28920232310062,0.43961331021554567,0.34366673307162565,0.5623467269914401,0.45418232350613497,0.35794891446122007,0.5762877736224559,44.3015881331431,-0.7967226022741815,-1.1218927970449515,-0.5048898712302229,4.890388115731387e-12,,,,False,False,False,False,False,0,False,4.2383363669672024e-11,excluding_pentavalent_masking,Rash,Exantema
ev_purpura,[c],,,,,,,,,,,,,,,,False,False,False,False,False,0,False,,excluding_pentavalent_masking,Purpura / thrombocytopenia,Púrpura
ev_other,905,1165.3351902334953,0.5583242911505115,0.5079390451741985,0.6137075246535029,0.6820372334311637,0.639661330035099,0.7272204304751564,146.8608603253941,-0.36457730825514884,-0.4601220213147713,-0.272135722704791,2.2926577978705984e-34,,,,False,False,False,False,False,0,False,5.960910274463556e-33,excluding_pentavalent_masking,Other event,Otro evento
