month,count,year
2017-01,192,2017
2017-02,173,2017
2017-03,202,2017
2017-04,215,2017
2017-05,178,2017
2017-06,196,2017
2017-07,193,2017
2017-08,188,2017
2017-09,189,2017
2017-10,192,2017
2017-11,194,2017
2017-12,213,2017
2018-01,208,2018
2018-02,187,2018
2018-03,231,2018
2018-04,202,2018
2018-05,199,2018
2018-06,193,2018
2018-07,191,2018
2018-08,197,2018
2018-09,209,2018
2018-10,205,2018
2018-11,189,2018
2018-12,169,2018
2019-01,204,2019
2019-02,165,2019
2019-03,189,2019
2019-04,178,2019
2019-05,192,2019
2019-06,175,2019
2019-07,183,2019
2019-08,191,2019
2019-09,184,2019
2019-10,170,2019
2019-11,176,2019
2019-12,198,2019
2020-01,139,2020
2020-02,130,2020
2020-03,140,2020
2020-04,143,2020
2020-05,144,2020
2020-06,132,2020
2020-07,164,2020
2020-08,165,2020
2020-09,132,2020
2020-10,156,2020
2020-11,133,2020
2020-12,153,2020
2021-01,138,2021
2021-02,117,2021
2021-03,139,2021
2021-04,144,2021
2021-05,139,2021
2021-06,122,2021
2021-07,147,2021
2021-08,142,2021
2021-09,136,2021
2021-10,137,2021
2021-11,126,2021
2021-12,133,2021
2022-01,198,2022
2022-02,187,2022
2022-03,194,2022
2022-04,186,2022
2022-05,214,2022
2022-06,186,2022
2022-07,210,2022
2022-08,220,2022
2022-09,187,2022
2022-10,202,2022
2022-11,216,2022
2022-12,211,2022
2023-01,202,2023
2023-02,182,2023
2023-03,191,2023
2023-04,188,2023
2023-05,185,2023
2023-06,167,2023
2023-07,192,2023
2023-08,189,2023
2023-09,164,2023
2023-10,200,2023
2023-11,194,2023
2023-12,186,2023
2024-01,179,2024
2024-02,175,2024
2024-03,173,2024
2024-04,198,2024
2024-05,195,2024
2024-06,198,2024
2024-07,185,2024
2024-08,199,2024
2024-09,167,2024
2024-10,203,2024
2024-11,189,2024
2024-12,200,2024
2025-01,193,2025
2025-02,180,2025
2025-03,193,2025
2025-04,186,2025
2025-05,176,2025
2025-06,176,2025
2025-07,196,2025
2025-08,223,2025
