year,count,doses,rate_per_100k,rate_lo,rate_hi,ratio_to_expected,event
2017,291,187464.0,155.2298041223915,137.90515048798108,174.12876194457195,,ev_fever_39
2018,303,223264.0,135.71377382829297,120.86136264169636,151.8875466931638,,ev_fever_39
2019,253,203678.0,124.21567375956167,109.3797809952517,140.5025525292411,,ev_fever_39
2020,189,216557.0,87.27494377923594,75.2754411471242,100.64351220099054,,ev_fever_39
2021,214,211781.0,101.04778049022339,87.96198760475149,115.53153129453102,,ev_fever_39
2022,312,214697.0,145.32108040634012,129.6416797395889,162.37419437482006,,ev_fever_39
2023,263,210721.0,124.80958233873226,110.17991314083783,140.84119025780979,,ev_fever_39
2024,275,184207.0,149.28857209552297,132.16378390185446,168.01637816527807,,ev_fever_39
2025,186,,,,,,ev_fever_39
2017,35,187464.0,18.670251354926812,13.0045141480603,25.965800030450154,,ev_fever_40
2018,36,223264.0,16.12440877167837,11.293337670791184,22.32297839742914,,ev_fever_40
2019,19,203678.0,9.328449808030323,5.616336160197337,14.567529910734388,,ev_fever_40
2020,26,216557.0,12.006076922011296,7.842768054413545,17.59168444479975,,ev_fever_40
2021,26,211781.0,12.276833143672002,8.019635007671292,17.988405042532143,,ev_fever_40
2022,34,214697.0,15.836271582742192,10.967078433593514,22.129602227885385,,ev_fever_40
2023,29,210721.0,13.762273337730932,9.21681044487637,19.764920173398284,,ev_fever_40
2024,32,184207.0,17.371761116569946,11.88227174389929,24.523743440488403,,ev_fever_40
2025,27,,,,,,ev_fever_40
2017,96,187464.0,51.20983228779926,41.48012856601505,62.535970105902194,,ev_severe_local_reaction
2018,99,223264.0,44.34212412211552,36.0390904284593,53.98494506644845,,ev_severe_local_reaction
2019,91,203678.0,44.678364870039964,35.97223239467742,54.85513158836383,,ev_severe_local_reaction
2020,53,216557.0,24.473926033330716,18.332650033181782,32.012497831612116,,ev_severe_local_reaction
2021,58,211781.0,27.386781628191386,20.795931495388988,35.403766034108145,,ev_severe_local_reaction
2022,84,214697.0,39.124906263245414,31.207557506525944,48.43929620343447,,ev_severe_local_reaction
2023,84,210721.0,39.86313656446202,31.796398906509555,49.3532755491326,,ev_severe_local_reaction
2024,104,184207.0,56.45822362885232,46.13045992287506,68.40858761882303,,ev_severe_local_reaction
2025,63,,,,,,ev_severe_local_reaction
2017,24,187464.0,12.802458071949815,8.202776455578919,19.04904279955256,,ev_persistent_crying
2018,12,223264.0,5.374802923892791,2.7772391020147524,9.388699050530745,,ev_persistent_crying
2019,19,203678.0,9.328449808030323,5.616336160197337,14.567529910734388,,ev_persistent_crying
2020,11,216557.0,5.0794940823893935,2.535665144620973,9.088618014334312,,ev_persistent_crying
2021,8,211781.0,3.7774871211298464,1.6308508207764159,7.443155533401633,,ev_persistent_crying
2022,14,214697.0,6.520817710540903,3.5649917214961526,10.940824101797219,,ev_persistent_crying
2023,12,210721.0,5.6947337949231445,2.9425520516333057,9.94755389741742,,ev_persistent_crying
2024,15,184207.0,8.143013023392163,4.557582574377366,13.430661631472118,,ev_persistent_crying
2025,9,,,,,,ev_persistent_crying
2017,<5,187464.0,,,,,ev_febrile_seizure
2018,<5,223264.0,,,,,ev_febrile_seizure
2019,7,203678.0,3.436797297695382,1.3817707614567432,7.081115958376642,,ev_febrile_seizure
2020,<5,216557.0,,,,,ev_febrile_seizure
2021,<5,211781.0,,,,,ev_febrile_seizure
2022,9,214697.0,4.19195424249058,1.9168284127763004,7.9576349233660295,,ev_febrile_seizure
2023,<5,210721.0,,,,,ev_febrile_seizure
2024,<5,184207.0,,,,,ev_febrile_seizure
2025,<5,,,,,,ev_febrile_seizure
2017,0,187464.0,0.0,0.0,1.9677801893237825,,ev_collapse
2018,<5,223264.0,,,,,ev_collapse
2019,<5,203678.0,,,,,ev_collapse
2020,5,216557.0,2.308860946540634,0.7496808646769306,5.388111249843076,,ev_collapse
2021,<5,211781.0,,,,,ev_collapse
2022,<5,214697.0,,,,,ev_collapse
2023,<5,210721.0,,,,,ev_collapse
2024,<5,184207.0,,,,,ev_collapse
2025,<5,,,,,,ev_collapse
2017,8,187464.0,4.267486023983271,1.8423975679322437,8.408648711322341,,ev_allergic_reaction
2018,<5,223264.0,,,,,ev_allergic_reaction
2019,13,203678.0,6.382623552862852,3.3984782308368113,10.914480659746694,,ev_allergic_reaction
2020,10,216557.0,4.617721893081268,2.214377136796517,8.492154971678485,,ev_allergic_reaction
2021,8,211781.0,3.7774871211298464,1.6308508207764159,7.443155533401633,,ev_allergic_reaction
2022,14,214697.0,6.520817710540903,3.5649917214961526,10.940824101797219,,ev_allergic_reaction
2023,9,210721.0,4.271050346192359,1.952996188029828,8.10778396620136,,ev_allergic_reaction
2024,8,184207.0,4.3429402791424865,1.8749733597249298,8.557323674015272,,ev_allergic_reaction
2025,[c],,,,,,ev_allergic_reaction
