year,count,doses,rate_per_100k,rate_lo,rate_hi,ratio_to_expected
2017,411,187464.0,219.242094,198.55591,241.497804,4.384842
2018,410,223264.0,183.6391,166.291578,202.304502,3.672782
2019,374,203678.0,183.62317,165.482751,203.209299,3.672463
2020,282,216557.0,130.219757,115.463251,146.339483,2.604395
2021,274,211781.0,129.378934,114.51174,145.640482,2.587579
2022,424,214697.0,197.487622,179.134879,217.210463,3.949752
2023,392,210721.0,186.027971,168.065999,205.386782,3.720559
2024,405,184207.0,219.861352,198.967472,242.352698,4.397227
2025,259,,,,,
