feature,bin,n,mean_shap
age_months_log,"(-0.001, 1.1]",631,0.13137
age_months_log,"(1.1, 1.184]",602,-0.109219
age_months_log,"(1.184, 1.455]",590,0.30467
age_months_log,"(1.455, 1.618]",610,0.23637
age_months_log,"(1.618, 1.769]",593,0.077866
age_months_log,"(1.769, 1.934]",627,0.394692
age_months_log,"(1.934, 1.993]",598,0.021355
age_months_log,"(1.993, 2.946]",573,0.306869
age_months_log,"(2.946, 4.29]",602,0.070303
age_months_log,"(4.29, 7.043]",598,-1.345415
n_events,"(-0.001, 1.0]",3925,-0.192022
n_events,"(1.0, 2.0]",1736,0.320168
n_events,"(2.0, 6.0]",363,0.484073
ev_fever_40,0,5570,-0.12398
ev_fever_40,1,454,1.462739
region_Oriente,0,3870,-0.105034
region_Oriente,1,2154,0.20539
female,0,3069,0.091804
female,1,2955,-0.089416
ev_severe_local_reaction,0,5021,0.08545
ev_severe_local_reaction,1,1003,-0.424456
region_Centro,0,4580,-0.078579
region_Centro,1,1444,0.221399
vac_AM-BC,0,4968,0.073192
vac_AM-BC,1,1056,-0.324776
