feature,mean_abs_shap
age_months_log,0.676225
n_events,0.252168
ev_fever_40,0.224875
region_Oriente,0.16728
female,0.143396
ev_severe_local_reaction,0.141955
region_Centro,0.130305
vac_AM-BC,0.118199
vac_PENTA-L,0.105874
ev_fever_39,0.100626
ev_other,0.094263
coadministered,0.058633
vac_AG,0.053588
ev_persistent_crying,0.050536
ev_allergic_reaction,0.044665
ev_febrile_seizure,0.044253
vac_IPV,0.037467
vac_DPT,0.032975
vac_PRS,0.032777
vac_TT,0.021494
ev_collapse,0.018238
vac_HIB,0.014085
ev_arthralgia,0.010478
vac_HB,0.009203
ev_rash,0.003498
ev_sterile_abscess,0.002371
ev_lymphadenitis,0.001492
vac_BCG,0.000878
vac_OPV,0.000175
vac_AL,0.0
vac_DT,0.0
