term,or,or_lo,or_hi,p_value,n_with_term
age_months_log,0.7943813596589918,0.6556230213977359,0.962506995602958,0.018768224707032044,
female,0.9572349756556274,0.7139428263063287,1.2834344219956866,0.7701950998781826,9284.0
coadministered,2.0954977102987034,0.23844091305459492,18.415927860759755,0.5046870446383064,1772.0
vac_PENTA-L,0.8180475314991891,0.12029692934262183,5.562916422296532,0.8373060760134553,10350.0
vac_AM-BC,0.5353665033738565,0.07656843505883354,3.7432826296439106,0.5288998945868564,3231.0
vac_DPT,1.020029273504726,0.1499707157034669,6.937752573401415,0.983824606706351,1679.0
vac_HIB,0.48337859099658664,0.05373001674909706,4.3486839642158115,0.5166137489577354,930.0
vac_PRS,0.30174952336086236,0.03406041925232868,2.673272286343991,0.28170299605479054,932.0
vac_IPV,0.6184899212277265,0.06923336033659203,5.525223400980873,0.6671626490593285,1082.0
vac_OPV,0.6493498000148166,0.05399900959843484,7.808572155580868,0.7336450114580333,186.0
vac_HB,2.031813200752126,0.2533627759281305,16.293888743631523,0.5045043533540337,369.0
vac_AG,2.618325772024718,0.39731738561937885,17.254794520913247,0.31705926261143824,549.0
vac_TT,1.5961646297512295,0.1964106000784686,12.97150726208781,0.6617980925071738,420.0
vac_DT,0.5331538942431557,0.021534313583465737,13.200006299011752,0.7008880347482707,189.0
vac_AL,0.777233763382096,0.031671719305410725,19.07355635214582,0.8773412479406979,191.0
vac_BCG,0.403722078931748,0.013149340315196463,12.39541399872403,0.6036583120988821,84.0
region_Centro,1.1571138437351238,0.7866030185244074,1.702145066612057,0.4586642254823037,4635.0
region_Oriente,1.3132839687608242,0.9362065030690708,1.842237558647824,0.11451371638995904,6602.0
ev_sterile_abscess,2.57785794111958,0.5318689005452728,12.494341289329864,0.23961910818266474,100.0
ev_lymphadenitis,1.0855405726016414,0.22195331552829478,5.30921708450026,0.9192773672289175,210.0
ev_severe_local_reaction,0.8168946389389569,0.4727583754159897,1.4115389294584637,0.4685955263847278,3079.0
ev_allergic_reaction,0.2916382688352735,0.05476528885866347,1.5530435723389875,0.1487189228055677,557.0
ev_febrile_seizure,6.349637061053641,3.7562733039541802,10.733481710360051,5.165673104498856e-12,259.0
ev_arthralgia,0.36959205442685544,0.02646064857570937,5.162318161046876,0.4593754000027076,214.0
ev_fever_39,0.7694801170076777,0.4923047280894138,1.2027096566145725,0.25016279644856654,13197.0
ev_fever_40,4.5844441908968605,3.214359756160834,6.538511596023215,4.2520773242706985e-17,1435.0
ev_collapse,9.640142426451323,5.208812564077929,17.841368807003292,5.411817387282805e-13,115.0
ev_persistent_crying,0.7736242090645512,0.40025241411138723,1.495292459833099,0.4452353215851892,730.0
ev_rash,1.7434906214841304,0.6385166871714802,4.760657956597398,0.27807868289750015,652.0
ev_other,0.896189979268941,0.6018754203417795,1.3344231244498839,0.589469715391699,5896.0
