attribute,ph,protein_conc,protein_adsorption,ps_conc,ps_adsorption,aloh3_conc,thiomersal_conc,bactericidal_titer,igg_elisa,endotoxin,fill_volume
ph,1.0,-0.035119,-0.00419,0.023323,-0.053423,0.013067,0.05081,-0.026753,-0.00255,0.014884,-0.018795
protein_conc,-0.035119,1.0,0.172295,0.014278,0.072796,0.177302,0.016897,0.230802,0.315729,-0.031671,-0.03055
protein_adsorption,-0.00419,0.172295,1.0,-0.051296,0.321307,0.79713,-0.012675,0.017007,0.071322,-0.078574,0.012449
ps_conc,0.023323,0.014278,-0.051296,1.0,-0.018296,-0.108266,-0.024432,0.009389,-0.010072,-0.051823,-0.01495
ps_adsorption,-0.053423,0.072796,0.321307,-0.018296,1.0,0.335631,-0.006368,0.05341,0.016505,-0.010798,-0.013396
aloh3_conc,0.013067,0.177302,0.79713,-0.108266,0.335631,1.0,0.003736,0.017759,0.087975,0.007359,0.014268
thiomersal_conc,0.05081,0.016897,-0.012675,-0.024432,-0.006368,0.003736,1.0,-0.006091,0.049911,0.038871,0.034432
bactericidal_titer,-0.026753,0.230802,0.017007,0.009389,0.05341,0.017759,-0.006091,1.0,0.036868,-0.013593,-0.019567
igg_elisa,-0.00255,0.315729,0.071322,-0.010072,0.016505,0.087975,0.049911,0.036868,1.0,0.010224,-0.030385
endotoxin,0.014884,-0.031671,-0.078574,-0.051823,-0.010798,0.007359,0.038871,-0.013593,0.010224,1.0,-0.040999
fill_volume,-0.018795,-0.03055,0.012449,-0.01495,-0.013396,0.014268,0.034432,-0.019567,-0.030385,-0.040999,1.0
