attribute,n,estimable,transform,ppk,ppk_lo,ppk_hi,ppk_percentile,pct_conforming,one_sided,window_position_median,period
ph,736,True,,1.290419,1.229302,1.364877,1.662372,100.0,,0.416667,all
protein_conc,736,True,,1.00337,0.949385,1.054343,1.0,100.0,,0.5,all
protein_adsorption,736,True,,0.992768,0.936306,1.054311,1.099148,100.0,lower,0.55,all
ps_conc,736,True,,1.150323,1.091674,1.219161,1.036739,100.0,,0.466667,all
ps_adsorption,736,True,,1.029813,0.977934,1.088931,1.0,100.0,lower,0.55,all
aloh3_conc,736,True,,1.175491,1.118569,1.238137,1.33127,100.0,,0.5,all
thiomersal_conc,736,True,,1.126081,1.073519,1.183651,1.199628,100.0,,0.5,all
bactericidal_titer,736,True,log2,1.204254,1.139508,1.280298,1.25,100.0,lower,0.555556,all
igg_elisa,736,True,log10,0.725549,0.68668,0.767316,1.00479,100.0,lower,0.457305,all
endotoxin,736,True,log10p1,1.173631,1.113127,1.243732,1.129308,100.0,upper,0.799741,all
fill_volume,736,True,,0.559958,0.531836,0.589324,1.0,100.0,lower,0.4,all
ph,301,True,,1.235731,1.136183,1.358171,1.390821,100.0,,0.416667,2011-2016
protein_conc,301,True,,0.994146,0.909999,1.066546,1.133034,100.0,,0.483333,2011-2016
protein_adsorption,301,True,,0.900693,0.831135,0.984424,1.111111,100.0,lower,0.5,2011-2016
ps_conc,301,True,,1.112082,1.026964,1.216725,1.136364,100.0,,0.45,2011-2016
ps_adsorption,301,True,,1.040408,0.96317,1.138267,1.222222,100.0,lower,0.55,2011-2016
aloh3_conc,301,True,,1.176957,1.083712,1.277895,1.36017,100.0,,0.495,2011-2016
thiomersal_conc,301,True,,1.097267,1.013626,1.206146,1.165633,100.0,,0.516667,2011-2016
bactericidal_titer,301,True,log2,1.200819,1.113161,1.315824,1.25,100.0,lower,0.555556,2011-2016
igg_elisa,301,True,log10,0.733931,0.673738,0.805755,1.004644,100.0,lower,0.471622,2011-2016
endotoxin,301,True,log10p1,1.071152,0.981881,1.177616,1.071451,100.0,upper,0.827683,2011-2016
fill_volume,301,True,,0.559996,0.519388,0.611032,1.0,100.0,lower,0.5,2011-2016
ph,435,True,,1.330753,1.24769,1.429997,1.666667,100.0,,0.416667,2017-2025
protein_conc,435,True,,1.004466,0.937457,1.071869,1.0,100.0,,0.5,2017-2025
protein_adsorption,435,True,,1.104086,1.02732,1.201002,1.051331,100.0,lower,0.6,2017-2025
ps_conc,435,True,,1.177509,1.101735,1.267861,1.254885,100.0,,0.466667,2017-2025
ps_adsorption,435,True,,1.021609,0.952364,1.102782,1.0,100.0,lower,0.55,2017-2025
aloh3_conc,435,True,,1.173221,1.104018,1.24532,1.327096,100.0,,0.5,2017-2025
thiomersal_conc,435,True,,1.139698,1.069345,1.201098,1.281279,100.0,,0.5,2017-2025
bactericidal_titer,435,True,log2,1.205267,1.125559,1.297299,1.464515,100.0,lower,0.555556,2017-2025
igg_elisa,435,True,log10,0.719069,0.672401,0.772553,1.004829,100.0,lower,0.453627,2017-2025
endotoxin,435,True,log10p1,1.453553,1.355893,1.561836,1.368268,100.0,upper,0.779879,2017-2025
fill_volume,435,True,,0.5598,0.5242,0.598996,1.0,100.0,lower,0.4,2017-2025
