attribute,estimable,n_x,n_y,diff,se,df,ci90_lo,ci90_hi,margin,p_tost,equivalent,hl_shift,hl_lo,hl_hi
ph,True,128,608,-0.004934,0.010593,182.946554,-0.022446,0.012578,0.1,0.0,True,0.0,0.0,0.0
protein_conc,True,128,608,0.005695,0.016226,182.772246,-0.02113,0.032519,0.1,0.0,True,0.0,-0.033333,0.033333
protein_adsorption,True,128,608,-0.026645,0.017791,184.440438,-0.056055,0.002766,0.1,2.8e-05,True,-0.05,-0.05,0.0
ps_conc,True,128,608,-0.007566,0.012376,197.30361,-0.028018,0.012887,0.1,0.0,True,-0.016667,-0.033333,0.016667
ps_adsorption,True,128,608,-0.012418,0.016846,186.128438,-0.040266,0.01543,0.1,0.0,True,0.0,-0.05,0.0
aloh3_conc,True,128,608,-0.011974,0.013829,182.021655,-0.034836,0.010889,0.1,0.0,True,-0.01,-0.04,0.02
thiomersal_conc,True,128,608,-0.010663,0.015636,169.774355,-0.036523,0.015197,0.1,0.0,True,0.0,-0.033333,0.033333
bactericidal_titer,True,128,608,0.008406,0.01405,195.998318,-0.014814,0.031627,0.1,0.0,True,0.0,0.0,0.0
igg_elisa,True,128,608,-0.004909,0.019652,195.28584,-0.037387,0.027569,0.1,1e-06,True,-0.002677,-0.044033,0.038863
endotoxin,True,128,608,0.001454,0.005175,198.092916,-0.007098,0.010006,0.1,0.0,True,0.001734,-0.009044,0.012736
fill_volume,True,128,608,0.019408,0.027979,183.514038,-0.026846,0.065662,0.1,0.002222,True,0.0,0.0,0.1
