outcome,exposure,model,negative_control,n,n_events,n_lots,or_per_sd,or_lo,or_hi,p_value,working_corr,note,p_bh,sensitivity
ev_fever_39,endotoxin,single,False,2874,2035,146,1.2681386186298538,1.1630656445930845,1.3827040318288117,7.320979146567709e-08,-0.00525,,8.78517497588125e-07,exact_links_only
ev_fever_39,aloh3_conc,single,False,2874,2035,146,1.1290630497770393,1.0226973190318287,1.2464913583411428,0.016192742379768095,0.001149,,0.09715645427860857,exact_links_only
ev_fever_39,protein_conc,single,False,2874,2035,146,1.0664148193510268,0.9778615268952048,1.1629873306728007,0.1459984666822586,0.004373,,0.35039632003742066,exact_links_only
ev_fever_39,protein_adsorption,single,False,2874,2035,146,1.0908412903451,0.9910208728421162,1.200716103293756,0.07577316662862331,0.002947,,0.2273194998858699,exact_links_only
ev_fever_40,endotoxin,single,False,2874,233,146,0.9505834944596268,0.8273193197583778,1.0922130770534626,0.47449071512652097,-0.005163,,0.7342636679798493,exact_links_only
ev_fever_40,aloh3_conc,single,False,2874,233,146,1.1101419812056266,0.9911662230069135,1.24339912905462,0.07083199997803748,-0.0056,,0.2273194998858699,exact_links_only
ev_fever_40,protein_conc,single,False,2874,233,146,0.997818111166555,0.8764819460336971,1.1359515018849153,0.9736593098453794,-0.005088,,0.9736593098453795,exact_links_only
ev_fever_40,protein_adsorption,single,False,2874,233,146,1.0780797496508345,0.9603271877565424,1.2102707925226999,0.20266747072982627,-0.005258,,0.40533494145965254,exact_links_only
ev_severe_local_reaction,endotoxin,single,False,2874,651,146,1.0168711427005903,0.9380088398767151,1.1023637271831137,0.684595973867219,-0.003652,,0.8215151686406628,exact_links_only
ev_severe_local_reaction,aloh3_conc,single,False,2874,651,146,0.9730308007942491,0.9004363493345217,1.051477919559815,0.4895091119865662,-0.003284,,0.7342636679798493,exact_links_only
ev_severe_local_reaction,protein_conc,single,False,2874,651,146,1.0233475946583466,0.9310117346946432,1.1248411383735153,0.6323981372031078,-0.003697,,0.8215151686406628,exact_links_only
ev_severe_local_reaction,protein_adsorption,single,False,2874,651,146,0.9979889838880438,0.9183967354064277,1.0844790421877182,0.9621374446501781,-0.003511,,0.9736593098453795,exact_links_only
ev_fever_39,endotoxin,single,False,2955,2097,145,1.2630108042005035,1.16471941061698,1.3695970694625828,1.6165402033682108e-08,-0.006667,,1.939848244041853e-07,excluding_coadministration
ev_fever_39,aloh3_conc,single,False,2955,2097,145,1.1150425241626314,1.0156656629114336,1.2241428218878263,0.022234710639991172,-0.000343,,0.13340826383994703,excluding_coadministration
ev_fever_39,protein_conc,single,False,2955,2097,145,1.0829137621839144,0.9957199906440525,1.1777429672460342,0.06291121179951933,0.001509,,0.16860132210252668,excluding_coadministration
ev_fever_39,protein_adsorption,single,False,2955,2097,145,1.0851225032896574,0.9932685135673055,1.1854708279402473,0.07025055087605278,0.000905,,0.16860132210252668,excluding_coadministration
ev_fever_40,endotoxin,single,False,2955,[c],145,0.9616830856505848,0.8343780069860582,1.1084117144543615,0.5896960762402519,-0.001877,,0.8845441143603778,excluding_coadministration
ev_fever_40,aloh3_conc,single,False,2955,[c],145,1.1159579545243128,0.9924997015054818,1.2547733307899738,0.06663814638562382,-0.002426,,0.16860132210252668,excluding_coadministration
ev_fever_40,protein_conc,single,False,2955,[c],145,1.007982429183527,0.8808104666080342,1.1535155587505785,0.9080110878347869,-0.001795,,0.9797969437471709,excluding_coadministration
ev_fever_40,protein_adsorption,single,False,2955,[c],145,1.0784861754040478,0.9610261476838202,1.2103025847329223,0.19904780292816682,-0.002045,,0.39809560585633363,excluding_coadministration
ev_severe_local_reaction,endotoxin,single,False,2955,668,145,1.0066273242288013,0.9280294390540716,1.091881924475239,0.8734731583384336,-0.004675,,0.9797969437471709,excluding_coadministration
ev_severe_local_reaction,aloh3_conc,single,False,2955,668,145,0.9759063655770169,0.9052685057959934,1.05205607869492,0.5246467388531222,-0.004444,,0.8845441143603778,excluding_coadministration
ev_severe_local_reaction,protein_conc,single,False,2955,668,145,1.002049199538266,0.9080671328504257,1.1057581118957565,0.9675031184915065,-0.004642,,0.9797969437471709,excluding_coadministration
ev_severe_local_reaction,protein_adsorption,single,False,2955,668,145,0.9989648509489163,0.9220141478844793,1.0823378098059542,0.9797969437471709,-0.004626,,0.9797969437471709,excluding_coadministration
ev_fever_39,endotoxin,single,False,3064,2171,158,1.2709603590571368,1.169827838912142,1.3808358636744358,1.4470825611018018e-08,-0.006121,,1.7364990733221622e-07,keeping_temporally_implausible
ev_fever_39,aloh3_conc,single,False,3064,2171,158,1.12053746745721,1.0196173717635055,1.2314464727133425,0.018107925218752253,0.000667,,0.10864755131251352,keeping_temporally_implausible
ev_fever_39,protein_conc,single,False,3064,2171,158,1.073949287757023,0.9885494695233136,1.166726712452721,0.09149777331158628,0.003259,,0.21959465594780708,keeping_temporally_implausible
ev_fever_39,protein_adsorption,single,False,3064,2171,158,1.097725708090048,1.002768536967523,1.2016748489595102,0.04339837479147185,0.002181,,0.1735934991658874,keeping_temporally_implausible
ev_fever_40,endotoxin,single,False,3064,249,158,0.9699021428893839,0.8423495787975112,1.1167693205525449,0.6709832285885347,-0.002959,,0.9189476868401717,keeping_temporally_implausible
ev_fever_40,aloh3_conc,single,False,3064,249,158,1.1123627273500598,0.9939576106043508,1.2448728436671697,0.06367925491772604,-0.003656,,0.19103776475317813,keeping_temporally_implausible
ev_fever_40,protein_conc,single,False,3064,249,158,0.9978207040938857,0.8768497236796098,1.1354809503050205,0.973605792821398,-0.002951,,0.973605792821398,keeping_temporally_implausible
ev_fever_40,protein_adsorption,single,False,3064,249,158,1.0815626464977368,0.9645847156081934,1.212726823648264,0.179416718938469,-0.00318,,0.358833437876938,keeping_temporally_implausible
ev_severe_local_reaction,endotoxin,single,False,3064,692,158,1.020625623915583,0.9436983063118948,1.1038238144816552,0.6096196881849492,-0.005983,,0.9189476868401717,keeping_temporally_implausible
ev_severe_local_reaction,aloh3_conc,single,False,3064,692,158,0.9877101268276487,0.9181573691211585,1.0625316829637677,0.7399496722663946,-0.005736,,0.9189476868401717,keeping_temporally_implausible
ev_severe_local_reaction,protein_conc,single,False,3064,692,158,1.0124848218386684,0.9218420806595602,1.1120402680253245,0.7954132060486583,-0.005877,,0.9189476868401717,keeping_temporally_implausible
ev_severe_local_reaction,protein_adsorption,single,False,3064,692,158,1.0079516816584486,0.932263478273052,1.089784826109563,0.842368712936824,-0.005947,,0.9189476868401717,keeping_temporally_implausible
