outcome,exposure,model,negative_control,n,n_events,n_lots,or_per_sd,or_lo,or_hi,p_value,working_corr,note,p_bh
ev_fever_39,endotoxin,single,False,3042,2156,146,1.270965106011,1.1711117454500284,1.3793323369639794,9.27205932642023e-09,-0.0061,,1.1126471191704277e-07
ev_fever_39,aloh3_conc,single,False,3042,2156,146,1.1237857467740804,1.0213078306287249,1.2365462858295426,0.016750654562979646,0.000793,,0.10050392737787787
ev_fever_39,protein_conc,single,False,3042,2156,146,1.0773937971190901,0.9905770153053782,1.1718194306303815,0.08201908135807143,0.003401,,0.19684579525937143
ev_fever_39,protein_adsorption,single,False,3042,2156,146,1.089915963161895,0.9954894206623504,1.1932992778212947,0.06257655924503003,0.0024,,0.18772967773509008
ev_fever_39,fill_volume,single,True,3042,2156,146,0.9303387808653324,0.8481693882080968,1.0204686224417672,0.12589526284472174,0.003228,,
ev_fever_39,endotoxin,crude,False,3042,2156,146,1.258042075902768,1.1602301083782547,1.364099977507021,2.7157547894501443e-08,-0.00514,,
ev_fever_39,aloh3_conc,crude,False,3042,2156,146,1.1203350155503198,1.019389663347761,1.2312765100502547,0.018344737738829976,0.002671,,
ev_fever_39,protein_conc,crude,False,3042,2156,146,1.078575740184643,0.9921324608808588,1.172550715941699,0.07595555842991181,0.004768,,
ev_fever_39,protein_adsorption,crude,False,3042,2156,146,1.0791064232902972,0.9901153554738117,1.1760959633124062,0.08296315973634924,0.004581,,
ev_fever_39,fill_volume,crude,True,3042,2156,146,0.9337750486035208,0.8535682540634925,1.0215185923838832,0.13482685577080208,0.004907,,
ev_fever_39,endotoxin,mutually_adjusted,False,3042,2156,146,1.2538255176419,1.159591827934358,1.3557170642452738,1.3923111763484243e-08,-0.007649,,
ev_fever_39,aloh3_conc,mutually_adjusted,False,3042,2156,146,1.1347348729222855,0.9997657915666032,1.2879248746931902,0.05042527952399085,-0.007649,,
ev_fever_39,protein_conc,mutually_adjusted,False,3042,2156,146,1.0318542042274021,0.962264692136702,1.1064763234921935,0.3787428556190081,-0.007649,,
ev_fever_39,protein_adsorption,mutually_adjusted,False,3042,2156,146,0.9269671217456241,0.82524168757767,1.0412319902543632,0.2010034614191748,-0.007649,,
ev_fever_40,endotoxin,single,False,3042,247,146,0.9719491487709739,0.8448754505729202,1.1181353975382033,0.6906353963053938,-0.002887,,0.9208471950738585
ev_fever_40,aloh3_conc,single,False,3042,247,146,1.123020174105787,1.0025180116158416,1.2580066361260207,0.04513557506766435,-0.003586,,0.1805423002706574
ev_fever_40,protein_conc,single,False,3042,247,146,0.9985172256774703,0.8757021527806296,1.1385568104505936,0.9823206691170789,-0.002877,,0.982320669117079
ev_fever_40,protein_adsorption,single,False,3042,247,146,1.0825432347793988,0.9660243102244337,1.213116318878539,0.17223792967261742,-0.003107,,0.34447585934523484
ev_fever_40,fill_volume,single,True,3042,247,146,0.9546034080540897,0.8463425759568732,1.0767125423628907,0.44936278651887207,-0.003073,,
ev_fever_40,endotoxin,crude,False,3042,247,146,0.9615245657669405,0.8377443631846592,1.1035938064193394,0.5768288285725702,-0.001175,,
ev_fever_40,aloh3_conc,crude,False,3042,247,146,1.1147366771058214,0.9870531576208771,1.2589371197394215,0.08011690642223407,-0.00194,,
ev_fever_40,protein_conc,crude,False,3042,247,146,0.9937627836404808,0.8729806824395666,1.13125581128451,0.9246064853334541,-0.001138,,
ev_fever_40,protein_adsorption,crude,False,3042,247,146,1.0802517903674027,0.9628899737224978,1.2119182486453939,0.18833684785926796,-0.001335,,
ev_fever_40,fill_volume,crude,True,3042,247,146,0.9724549053055146,0.8584324241577145,1.1016225811608154,0.6606925061280893,-0.001306,,
ev_fever_40,endotoxin,mutually_adjusted,False,3042,247,146,0.9513606031992741,0.8245102265246846,1.0977268300656906,0.4946591608037997,-0.003948,,
ev_fever_40,aloh3_conc,mutually_adjusted,False,3042,247,146,1.2052866823809452,0.9883117580340829,1.4698964925951707,0.06520338539178692,-0.003948,,
ev_fever_40,protein_conc,mutually_adjusted,False,3042,247,146,0.9597004378487667,0.8361425756351365,1.1015166040402873,0.5585700077451268,-0.003948,,
ev_fever_40,protein_adsorption,mutually_adjusted,False,3042,247,146,0.9383042990655879,0.76434277779798,1.1518588036919513,0.5427439071145099,-0.003948,,
ev_severe_local_reaction,endotoxin,single,False,3042,687,146,1.016414398850275,0.9404968492139814,1.0984600650747272,0.681022578024314,-0.005654,,0.9208471950738585
ev_severe_local_reaction,aloh3_conc,single,False,3042,687,146,0.983396094214507,0.913162963101794,1.0590309913922173,0.657853513473732,-0.005376,,0.9208471950738585
ev_severe_local_reaction,protein_conc,single,False,3042,687,146,1.0096433448002247,0.9180902157545334,1.1103262688205506,0.8431370981958041,-0.005557,,0.982320669117079
ev_severe_local_reaction,protein_adsorption,single,False,3042,687,146,1.0042195659469375,0.9290830228025739,1.085432530656572,0.9154864076354848,-0.005587,,0.982320669117079
ev_severe_local_reaction,fill_volume,single,True,3042,687,146,1.0119403360134966,0.9296682000108722,1.101493246342225,0.7838164158027704,-0.005486,,
ev_severe_local_reaction,endotoxin,crude,False,3042,687,146,1.0336252429870418,0.9563747514742001,1.1171155881030623,0.40401079362593273,-0.004368,,
ev_severe_local_reaction,aloh3_conc,crude,False,3042,687,146,0.9782104879937696,0.903661312347259,1.0589097328239863,0.5859571564286756,-0.003928,,
ev_severe_local_reaction,protein_conc,crude,False,3042,687,146,1.008199145737325,0.9199401843325387,1.1049256623168024,0.8613168122302522,-0.004043,,
ev_severe_local_reaction,protein_adsorption,crude,False,3042,687,146,0.9888810819996678,0.9140606101385008,1.0698259869098419,0.7805979391459809,-0.003958,,
ev_severe_local_reaction,fill_volume,crude,True,3042,687,146,1.0275193494775352,0.9410351993571866,1.1219516701096224,0.5450643659173884,-0.004022,,
ev_severe_local_reaction,endotoxin,mutually_adjusted,False,3042,687,146,1.0178141023497704,0.9420448752205244,1.0996774932824336,0.6546148031148293,-0.005775,,
ev_severe_local_reaction,aloh3_conc,mutually_adjusted,False,3042,687,146,0.9326897247401109,0.8236774649197242,1.0561295648905067,0.271849004485331,-0.005775,,
ev_severe_local_reaction,protein_conc,mutually_adjusted,False,3042,687,146,1.015601365579327,0.9206236983076744,1.1203775610628286,0.7572988499609211,-0.005775,,
ev_severe_local_reaction,protein_adsorption,mutually_adjusted,False,3042,687,146,1.058562561008485,0.926785155503975,1.2090770864359583,0.4014520221003385,-0.005775,,
