outcome,exposure,n_lots,or_per_sd,or_lo,or_hi,p_value,dispersion
ev_fever_39,endotoxin,100,1.285087,1.183187,1.395762,0.0,0.90977
ev_fever_39,aloh3_conc,100,1.129821,1.036684,1.231326,0.005424,1.125593
ev_fever_39,protein_conc,100,1.069087,0.975432,1.171735,0.153239,1.20067
ev_fever_39,protein_adsorption,100,1.098999,1.002472,1.20482,0.044155,1.171215
ev_fever_39,fill_volume,100,0.934721,0.856531,1.02005,0.129879,1.194854
ev_fever_40,endotoxin,100,0.967066,0.841564,1.111284,0.636796,0.946079
ev_fever_40,aloh3_conc,100,1.10917,0.974205,1.262832,0.11754,0.914662
ev_fever_40,protein_conc,100,0.968186,0.844844,1.109537,0.641932,0.947017
ev_fever_40,protein_adsorption,100,1.062592,0.926655,1.218471,0.384694,0.932763
ev_fever_40,fill_volume,100,0.979617,0.860433,1.11531,0.755694,0.942929
ev_severe_local_reaction,endotoxin,100,1.030337,0.947842,1.120012,0.482745,0.814715
ev_severe_local_reaction,aloh3_conc,100,0.974473,0.899955,1.055161,0.524068,0.81792
ev_severe_local_reaction,protein_conc,100,1.004947,0.925747,1.090922,0.906216,0.821112
ev_severe_local_reaction,protein_adsorption,100,0.990982,0.91166,1.077205,0.831466,0.820718
ev_severe_local_reaction,fill_volume,100,1.034723,0.956435,1.119418,0.395141,0.819141
