production_year,q25,q50,q75,q90,n_lots,n_t2_flagged,n_spe_flagged
2011,6.187188,9.097514,11.363708,15.450759,38,2,0
2012,6.168334,7.905053,9.979929,12.35237,44,0,0
2013,5.238554,7.669102,11.013394,14.065997,52,1,0
2014,4.687353,6.542194,10.89263,13.698593,49,1,0
2015,5.168799,8.201218,10.903178,12.241872,57,1,2
2016,5.81837,8.473418,10.995943,12.862298,61,0,0
2017,5.247146,7.448871,10.007289,14.395795,55,2,2
2018,4.989431,7.229848,9.26864,11.852511,58,0,0
2019,4.927226,6.65099,9.394373,12.692623,50,0,0
2020,4.756827,6.270445,9.601267,11.694462,42,0,0
2021,4.942831,6.734079,10.174169,13.343578,36,0,2
2022,5.91677,7.638113,10.724749,15.232484,47,0,0
2023,5.665543,8.62466,10.927666,11.736843,11,0,0
2024,5.252991,7.271238,9.177255,12.049504,89,0,2
2025,4.846168,6.845387,9.848475,12.351277,47,0,0
