attribute,PC1,PC2,PC3,PC4,PC5,PC6,PC7,PC8
ph,0.045601,0.041147,-0.326945,-0.625941,-0.266901,-0.316252,-0.535955,-0.050732
protein_conc,-0.294859,-0.599964,0.009232,0.027939,0.044827,0.064569,-0.054173,-0.072296
protein_adsorption,-0.593619,0.205992,0.017873,-0.111206,-0.027865,0.032703,-0.006499,-0.005115
ps_conc,0.072303,-0.172963,0.33899,-0.569524,-0.210406,-0.053788,0.572337,-0.360603
ps_adsorption,-0.395476,0.136901,0.074248,0.103051,-0.110817,-0.240981,0.268934,0.02596
aloh3_conc,-0.59485,0.21097,-0.087065,-0.064378,-0.015633,0.031718,-0.036759,-0.055516
thiomersal_conc,0.005837,-0.096792,-0.479926,-0.192119,0.450912,-0.379077,0.433765,0.416536
bactericidal_titer,-0.103907,-0.428101,0.232327,0.271619,0.021378,-0.667182,-0.209679,-0.147676
igg_elisa,-0.169355,-0.533047,-0.274231,-0.139274,0.062891,0.489443,-0.056448,0.01766
endotoxin,0.058563,0.058909,-0.614069,0.301888,-0.139004,-0.060216,0.193165,-0.675596
fill_volume,-0.013332,0.150005,0.167648,-0.186301,0.801328,0.027609,-0.189504,-0.454236
