attribute,production_year,q10,q25,q50,q75,q90,n_lots
aloh3_conc,2011,0.339,0.395,0.48,0.54875,0.5855,38
aloh3_conc,2012,0.338,0.43375,0.49,0.58625,0.653,44
aloh3_conc,2013,0.317,0.4025,0.5025,0.605,0.664,52
aloh3_conc,2014,0.37,0.41,0.545,0.64,0.743,49
aloh3_conc,2015,0.345,0.4,0.47,0.57,0.66,57
aloh3_conc,2016,0.27,0.345,0.475,0.55,0.645,61
aloh3_conc,2017,0.284,0.3675,0.515,0.6275,0.686,55
aloh3_conc,2018,0.302,0.38125,0.4525,0.54375,0.6695,58
aloh3_conc,2019,0.339,0.39625,0.515,0.6025,0.6755,50
aloh3_conc,2020,0.3415,0.39,0.5225,0.6075,0.6585,42
aloh3_conc,2021,0.3375,0.41875,0.5175,0.63125,0.7075,36
aloh3_conc,2022,0.316,0.3675,0.445,0.5425,0.647,47
aloh3_conc,2023,0.35,0.415,0.56,0.6025,0.665,11
aloh3_conc,2024,0.293,0.4,0.515,0.6,0.691,89
aloh3_conc,2025,0.37,0.4275,0.51,0.6,0.64,47
bactericidal_titer,2011,0.444444,0.444444,0.555556,0.666667,0.666667,38
bactericidal_titer,2012,0.444444,0.444444,0.555556,0.666667,0.777778,44
bactericidal_titer,2013,0.333333,0.444444,0.5,0.555556,0.777778,52
bactericidal_titer,2014,0.333333,0.444444,0.555556,0.555556,0.688889,49
bactericidal_titer,2015,0.333333,0.444444,0.555556,0.666667,0.777778,57
bactericidal_titer,2016,0.444444,0.444444,0.555556,0.666667,0.777778,61
bactericidal_titer,2017,0.333333,0.444444,0.555556,0.666667,0.777778,55
bactericidal_titer,2018,0.333333,0.444444,0.555556,0.666667,0.7,58
bactericidal_titer,2019,0.433333,0.444444,0.555556,0.666667,0.666667,50
bactericidal_titer,2020,0.344444,0.444444,0.555556,0.666667,0.666667,42
bactericidal_titer,2021,0.444444,0.527778,0.555556,0.666667,0.777778,36
bactericidal_titer,2022,0.4,0.444444,0.555556,0.666667,0.666667,47
bactericidal_titer,2023,0.444444,0.555556,0.666667,0.722222,0.777778,11
bactericidal_titer,2024,0.333333,0.444444,0.555556,0.666667,0.666667,89
bactericidal_titer,2025,0.333333,0.444444,0.555556,0.666667,0.777778,47
endotoxin,2011,0.769461,0.821541,0.853481,0.874123,0.894243,38
endotoxin,2012,0.778338,0.788704,0.817126,0.850309,0.899264,44
endotoxin,2013,0.758904,0.797287,0.842913,0.873616,0.898075,52
endotoxin,2014,0.766147,0.792302,0.820687,0.849309,0.886655,49
endotoxin,2015,0.766936,0.787531,0.815894,0.842794,0.870599,57
endotoxin,2016,0.77038,0.80536,0.836876,0.863723,0.899996,61
endotoxin,2017,0.759783,0.785991,0.805325,0.836778,0.869599,55
endotoxin,2018,0.722605,0.743257,0.773543,0.807162,0.840951,58
endotoxin,2019,0.707366,0.740822,0.768694,0.803007,0.830751,50
endotoxin,2020,0.715357,0.743514,0.761648,0.807612,0.840789,42
endotoxin,2021,0.714239,0.741244,0.778334,0.80814,0.861685,36
endotoxin,2022,0.704769,0.739281,0.781474,0.803588,0.834417,47
endotoxin,2023,0.731551,0.752901,0.799943,0.818441,0.829119,11
endotoxin,2024,0.715203,0.736268,0.771745,0.81763,0.842284,89
endotoxin,2025,0.718174,0.74857,0.778304,0.806684,0.817316,47
fill_volume,2011,0.17,0.4,0.6,0.8,1.0,38
fill_volume,2012,0.1,0.2,0.55,0.725,0.87,44
fill_volume,2013,0.0,0.1,0.4,0.625,0.8,52
fill_volume,2014,0.18,0.3,0.4,0.8,0.9,49
fill_volume,2015,0.16,0.3,0.4,0.7,0.9,57
fill_volume,2016,0.1,0.3,0.5,0.8,0.9,61
fill_volume,2017,0.2,0.3,0.4,0.6,0.8,55
fill_volume,2018,0.1,0.225,0.5,0.7,0.9,58
fill_volume,2019,0.1,0.2,0.4,0.8,0.9,50
fill_volume,2020,0.01,0.2,0.4,0.575,0.8,42
fill_volume,2021,0.1,0.275,0.6,0.725,0.85,36
fill_volume,2022,0.2,0.3,0.5,0.65,0.9,47
fill_volume,2023,0.3,0.35,0.5,0.85,1.0,11
fill_volume,2024,0.1,0.2,0.4,0.8,0.9,89
fill_volume,2025,0.16,0.3,0.4,0.75,0.9,47
igg_elisa,2011,0.133364,0.283141,0.417965,0.552348,0.644068,38
igg_elisa,2012,0.270914,0.341887,0.486681,0.607422,0.681929,44
igg_elisa,2013,0.188493,0.295912,0.443402,0.623834,0.715034,52
igg_elisa,2014,0.220599,0.339321,0.479328,0.630986,0.756481,49
igg_elisa,2015,0.212251,0.379299,0.504352,0.621916,0.76972,57
igg_elisa,2016,0.181168,0.325975,0.473151,0.573261,0.719252,61
igg_elisa,2017,0.262394,0.356404,0.468842,0.627948,0.691731,55
igg_elisa,2018,0.207183,0.285137,0.488556,0.67267,0.759289,58
igg_elisa,2019,0.207314,0.347628,0.434475,0.599506,0.769729,50
igg_elisa,2020,0.220292,0.315537,0.430449,0.581031,0.685967,42
igg_elisa,2021,0.269114,0.365148,0.531576,0.631628,0.688915,36
igg_elisa,2022,0.075815,0.245483,0.456013,0.578098,0.725379,47
igg_elisa,2023,0.196126,0.273095,0.288319,0.511677,0.610447,11
igg_elisa,2024,0.212167,0.326286,0.453627,0.612083,0.736055,89
igg_elisa,2025,0.162653,0.27953,0.43432,0.649483,0.81962,47
ph,2011,0.25,0.333333,0.416667,0.5,0.583333,38
ph,2012,0.275,0.333333,0.416667,0.5,0.558333,44
ph,2013,0.25,0.333333,0.416667,0.5,0.583333,52
ph,2014,0.333333,0.333333,0.416667,0.5,0.516667,49
ph,2015,0.25,0.333333,0.416667,0.5,0.533333,57
ph,2016,0.25,0.333333,0.416667,0.5,0.5,61
ph,2017,0.25,0.333333,0.416667,0.5,0.55,55
ph,2018,0.333333,0.333333,0.416667,0.5,0.5,58
ph,2019,0.25,0.333333,0.416667,0.5,0.583333,50
ph,2020,0.333333,0.333333,0.416667,0.5,0.575,42
ph,2021,0.291667,0.333333,0.416667,0.5,0.541667,36
ph,2022,0.3,0.333333,0.416667,0.5,0.533333,47
ph,2023,0.333333,0.375,0.416667,0.458333,0.5,11
ph,2024,0.333333,0.333333,0.416667,0.5,0.583333,89
ph,2025,0.333333,0.333333,0.416667,0.458333,0.583333,47
protein_adsorption,2011,0.3,0.35,0.45,0.5875,0.665,38
protein_adsorption,2012,0.265,0.4,0.525,0.65,0.7,44
protein_adsorption,2013,0.25,0.4,0.5,0.65,0.75,52
protein_adsorption,2014,0.25,0.45,0.55,0.7,0.8,49
protein_adsorption,2015,0.3,0.4,0.5,0.6,0.7,57
protein_adsorption,2016,0.2,0.3,0.45,0.6,0.65,61
protein_adsorption,2017,0.22,0.325,0.5,0.625,0.7,55
protein_adsorption,2018,0.35,0.45,0.55,0.6875,0.75,58
protein_adsorption,2019,0.495,0.55,0.6,0.7,0.8,50
protein_adsorption,2020,0.405,0.45,0.55,0.7,0.795,42
protein_adsorption,2021,0.45,0.5,0.6,0.75,0.875,36
protein_adsorption,2022,0.35,0.5,0.55,0.7,0.82,47
protein_adsorption,2023,0.35,0.5,0.6,0.775,0.85,11
protein_adsorption,2024,0.4,0.45,0.6,0.7,0.85,89
protein_adsorption,2025,0.48,0.55,0.65,0.7,0.8,47
protein_conc,2011,0.29,0.383333,0.466667,0.629167,0.718333,38
protein_conc,2012,0.35,0.416667,0.491667,0.575,0.661667,44
protein_conc,2013,0.251667,0.333333,0.466667,0.6,0.665,52
protein_conc,2014,0.263333,0.383333,0.483333,0.633333,0.776667,49
protein_conc,2015,0.366667,0.4,0.516667,0.616667,0.79,57
protein_conc,2016,0.316667,0.4,0.516667,0.616667,0.733333,61
protein_conc,2017,0.283333,0.383333,0.45,0.6,0.76,55
protein_conc,2018,0.2,0.320833,0.475,0.5625,0.683333,58
protein_conc,2019,0.3,0.404167,0.5,0.6,0.668333,50
protein_conc,2020,0.333333,0.454167,0.533333,0.629167,0.73,42
protein_conc,2021,0.291667,0.445833,0.516667,0.654167,0.708333,36
protein_conc,2022,0.25,0.325,0.483333,0.65,0.723333,47
protein_conc,2023,0.35,0.416667,0.466667,0.65,0.716667,11
protein_conc,2024,0.276667,0.416667,0.5,0.616667,0.7,89
protein_conc,2025,0.36,0.416667,0.466667,0.533333,0.646667,47
ps_adsorption,2011,0.285,0.3625,0.55,0.6375,0.715,38
ps_adsorption,2012,0.3,0.3875,0.5,0.65,0.7,44
ps_adsorption,2013,0.4,0.45,0.55,0.65,0.75,52
ps_adsorption,2014,0.35,0.4,0.55,0.65,0.75,49
ps_adsorption,2015,0.38,0.45,0.55,0.65,0.85,57
ps_adsorption,2016,0.3,0.4,0.5,0.6,0.8,61
ps_adsorption,2017,0.24,0.45,0.6,0.7,0.83,55
ps_adsorption,2018,0.3,0.4,0.525,0.65,0.7,58
ps_adsorption,2019,0.25,0.4,0.475,0.6,0.75,50
ps_adsorption,2020,0.3,0.3625,0.5,0.65,0.795,42
ps_adsorption,2021,0.3,0.4,0.55,0.65,0.825,36
ps_adsorption,2022,0.3,0.4,0.55,0.7,0.82,47
ps_adsorption,2023,0.45,0.55,0.6,0.675,0.75,11
ps_adsorption,2024,0.34,0.45,0.55,0.65,0.7,89
ps_adsorption,2025,0.4,0.45,0.55,0.65,0.75,47
ps_conc,2011,0.29,0.3375,0.433333,0.583333,0.7,38
ps_conc,2012,0.333333,0.379167,0.466667,0.6,0.673333,44
ps_conc,2013,0.301667,0.395833,0.5,0.583333,0.631667,52
ps_conc,2014,0.3,0.35,0.433333,0.483333,0.57,49
ps_conc,2015,0.31,0.4,0.466667,0.55,0.623333,57
ps_conc,2016,0.283333,0.366667,0.466667,0.55,0.65,61
ps_conc,2017,0.25,0.3,0.466667,0.55,0.61,55
ps_conc,2018,0.3,0.420833,0.5,0.566667,0.616667,58
ps_conc,2019,0.331667,0.3875,0.483333,0.533333,0.673333,50
ps_conc,2020,0.32,0.3875,0.45,0.529167,0.615,42
ps_conc,2021,0.291667,0.379167,0.475,0.570833,0.641667,36
ps_conc,2022,0.286667,0.383333,0.516667,0.591667,0.64,47
ps_conc,2023,0.333333,0.366667,0.433333,0.591667,0.683333,11
ps_conc,2024,0.3,0.366667,0.466667,0.55,0.633333,89
ps_conc,2025,0.3,0.366667,0.45,0.525,0.583333,47
thiomersal_conc,2011,0.361667,0.420833,0.5,0.6,0.698333,38
thiomersal_conc,2012,0.315,0.433333,0.525,0.654167,0.745,44
thiomersal_conc,2013,0.416667,0.45,0.516667,0.608333,0.713333,52
thiomersal_conc,2014,0.28,0.4,0.516667,0.6,0.736667,49
thiomersal_conc,2015,0.333333,0.416667,0.5,0.616667,0.706667,57
thiomersal_conc,2016,0.35,0.45,0.533333,0.6,0.65,61
thiomersal_conc,2017,0.266667,0.383333,0.5,0.583333,0.66,55
thiomersal_conc,2018,0.323333,0.420833,0.491667,0.595833,0.688333,58
thiomersal_conc,2019,0.3,0.366667,0.508333,0.633333,0.7,50
thiomersal_conc,2020,0.301667,0.366667,0.5,0.633333,0.715,42
thiomersal_conc,2021,0.333333,0.395833,0.483333,0.533333,0.641667,36
thiomersal_conc,2022,0.316667,0.375,0.516667,0.616667,0.656667,47
thiomersal_conc,2023,0.316667,0.416667,0.5,0.6,0.666667,11
thiomersal_conc,2024,0.33,0.416667,0.516667,0.6,0.686667,89
thiomersal_conc,2025,0.316667,0.366667,0.483333,0.6,0.683333,47
